0 verbose cli /usr/local/bin/node /usr/local/bin/npm
1 info using npm@11.11.0
2 info using node@v24.14.1
3 silly config load:file:/usr/local/lib/node_modules/npm/npmrc
4 silly config load:file:/Users/dondimon/git/RFPulse/.npmrc
5 silly config load:file:/Users/dondimon/.npmrc
6 silly config load:file:/usr/local/etc/npmrc
7 verbose title npm install mermaid jsdom @resvg/resvg-js
8 verbose argv "install" "mermaid" "jsdom" "@resvg/resvg-js" "--cache" ".npm-cache"
9 verbose logfile logs-max:10 dir:/Users/dondimon/git/RFPulse/.npm-cache/_logs/2026-07-13T10_02_37_755Z-
10 verbose logfile /Users/dondimon/git/RFPulse/.npm-cache/_logs/2026-07-13T10_02_37_755Z-debug-0.log
11 silly logfile done cleaning log files
12 silly packumentCache heap:2348810240 maxSize:587202560 maxEntrySize:293601280
13 verbose shrinkwrap failed to load node_modules/.package-lock.json out of date, updated: node_modules
14 silly idealTree buildDeps
15 silly fetch manifest mermaid@*
16 silly packumentCache full:https://registry.npmjs.org/mermaid cache-miss
17 http fetch GET 200 https://registry.npmjs.org/mermaid 632ms (cache miss)
18 silly packumentCache full:https://registry.npmjs.org/mermaid set size:undefined disposed:false
19 silly fetch manifest jsdom@*
20 silly packumentCache full:https://registry.npmjs.org/jsdom cache-miss
21 http fetch GET 200 https://registry.npmjs.org/jsdom 179ms (cache miss)
22 silly packumentCache full:https://registry.npmjs.org/jsdom set size:undefined disposed:false
23 silly fetch manifest canvas@^3.0.0
24 silly packumentCache full:https://registry.npmjs.org/canvas cache-miss
25 http fetch GET 200 https://registry.npmjs.org/canvas 161ms (cache miss)
26 silly packumentCache full:https://registry.npmjs.org/canvas set size:undefined disposed:false
27 silly fetch manifest @resvg/resvg-js@*
28 silly packumentCache full:https://registry.npmjs.org/@resvg%2fresvg-js cache-miss
29 http fetch GET 200 https://registry.npmjs.org/@resvg%2fresvg-js 153ms (cache miss)
30 silly packumentCache full:https://registry.npmjs.org/@resvg%2fresvg-js set size:undefined disposed:false
31 silly placeDep ROOT @resvg/resvg-js@2.6.2 OK for: rfpulse@0.0.0 want: *
32 silly placeDep ROOT jsdom@29.1.1 OK for: rfpulse@0.0.0 want: *
33 silly placeDep ROOT mermaid@11.16.0 OK for: rfpulse@0.0.0 want: *
34 silly fetch manifest @resvg/resvg-js-darwin-x64@2.6.2
35 silly packumentCache full:https://registry.npmjs.org/@resvg%2fresvg-js-darwin-x64 cache-miss
36 silly fetch manifest @resvg/resvg-js-darwin-arm64@2.6.2
37 silly packumentCache full:https://registry.npmjs.org/@resvg%2fresvg-js-darwin-arm64 cache-miss
38 silly fetch manifest @resvg/resvg-js-android-arm64@2.6.2
39 silly packumentCache full:https://registry.npmjs.org/@resvg%2fresvg-js-android-arm64 cache-miss
40 silly fetch manifest @resvg/resvg-js-linux-x64-gnu@2.6.2
41 silly packumentCache full:https://registry.npmjs.org/@resvg%2fresvg-js-linux-x64-gnu cache-miss
42 silly fetch manifest @resvg/resvg-js-linux-x64-musl@2.6.2
43 silly packumentCache full:https://registry.npmjs.org/@resvg%2fresvg-js-linux-x64-musl cache-miss
44 silly fetch manifest @resvg/resvg-js-win32-x64-msvc@2.6.2
45 silly packumentCache full:https://registry.npmjs.org/@resvg%2fresvg-js-win32-x64-msvc cache-miss
46 silly fetch manifest @resvg/resvg-js-linux-arm64-gnu@2.6.2
47 silly packumentCache full:https://registry.npmjs.org/@resvg%2fresvg-js-linux-arm64-gnu cache-miss
48 http fetch GET 200 https://registry.npmjs.org/@resvg%2fresvg-js-darwin-x64 139ms (cache miss)
49 silly packumentCache full:https://registry.npmjs.org/@resvg%2fresvg-js-darwin-x64 set size:undefined disposed:false
50 silly fetch manifest @resvg/resvg-js-win32-ia32-msvc@2.6.2
51 silly packumentCache full:https://registry.npmjs.org/@resvg%2fresvg-js-win32-ia32-msvc cache-miss
52 http fetch GET 200 https://registry.npmjs.org/@resvg%2fresvg-js-win32-ia32-msvc 144ms (cache miss)
53 silly packumentCache full:https://registry.npmjs.org/@resvg%2fresvg-js-win32-ia32-msvc set size:undefined disposed:false
54 silly fetch manifest @resvg/resvg-js-android-arm-eabi@2.6.2
55 silly packumentCache full:https://registry.npmjs.org/@resvg%2fresvg-js-android-arm-eabi cache-miss
56 http fetch GET 200 https://registry.npmjs.org/@resvg%2fresvg-js-android-arm-eabi 138ms (cache miss)
57 silly packumentCache full:https://registry.npmjs.org/@resvg%2fresvg-js-android-arm-eabi set size:undefined disposed:false
58 silly fetch manifest @resvg/resvg-js-linux-arm64-musl@2.6.2
59 silly packumentCache full:https://registry.npmjs.org/@resvg%2fresvg-js-linux-arm64-musl cache-miss
60 http fetch GET 200 https://registry.npmjs.org/@resvg%2fresvg-js-android-arm64 444ms (cache miss)
61 silly packumentCache full:https://registry.npmjs.org/@resvg%2fresvg-js-android-arm64 set size:undefined disposed:false
62 silly fetch manifest @resvg/resvg-js-win32-arm64-msvc@2.6.2
63 silly packumentCache full:https://registry.npmjs.org/@resvg%2fresvg-js-win32-arm64-msvc cache-miss
64 http fetch GET 200 https://registry.npmjs.org/@resvg%2fresvg-js-darwin-arm64 447ms (cache miss)
65 silly packumentCache full:https://registry.npmjs.org/@resvg%2fresvg-js-darwin-arm64 set size:undefined disposed:false
66 silly fetch manifest @resvg/resvg-js-linux-arm-gnueabihf@2.6.2
67 silly packumentCache full:https://registry.npmjs.org/@resvg%2fresvg-js-linux-arm-gnueabihf cache-miss
68 http fetch GET 200 https://registry.npmjs.org/@resvg%2fresvg-js-linux-x64-musl 450ms (cache miss)
69 silly packumentCache full:https://registry.npmjs.org/@resvg%2fresvg-js-linux-x64-musl set size:undefined disposed:false
70 silly fetch manifest @asamuzakjp/css-color@^5.1.11
71 silly packumentCache full:https://registry.npmjs.org/@asamuzakjp%2fcss-color cache-miss
72 http fetch GET 200 https://registry.npmjs.org/@resvg%2fresvg-js-linux-arm64-gnu 470ms (cache miss)
73 silly packumentCache full:https://registry.npmjs.org/@resvg%2fresvg-js-linux-arm64-gnu set size:undefined disposed:false
74 silly fetch manifest @asamuzakjp/dom-selector@^7.1.1
75 silly packumentCache full:https://registry.npmjs.org/@asamuzakjp%2fdom-selector cache-miss
76 http fetch GET 200 https://registry.npmjs.org/@resvg%2fresvg-js-linux-x64-gnu 531ms (cache miss)
77 silly packumentCache full:https://registry.npmjs.org/@resvg%2fresvg-js-linux-x64-gnu set size:undefined disposed:false
78 silly fetch manifest @bramus/specificity@^2.4.2
79 silly packumentCache full:https://registry.npmjs.org/@bramus%2fspecificity cache-miss
80 http fetch GET 200 https://registry.npmjs.org/@resvg%2fresvg-js-linux-arm64-musl 137ms (cache miss)
81 silly packumentCache full:https://registry.npmjs.org/@resvg%2fresvg-js-linux-arm64-musl set size:undefined disposed:false
82 silly fetch manifest @csstools/css-syntax-patches-for-csstree@^1.1.3
83 silly packumentCache full:https://registry.npmjs.org/@csstools%2fcss-syntax-patches-for-csstree cache-miss
84 http fetch GET 200 https://registry.npmjs.org/@resvg%2fresvg-js-win32-arm64-msvc 135ms (cache miss)
85 silly packumentCache full:https://registry.npmjs.org/@resvg%2fresvg-js-win32-arm64-msvc set size:undefined disposed:false
86 silly fetch manifest @exodus/bytes@^1.15.0
87 silly packumentCache full:https://registry.npmjs.org/@exodus%2fbytes cache-miss
88 http fetch GET 200 https://registry.npmjs.org/@resvg%2fresvg-js-linux-arm-gnueabihf 140ms (cache miss)
89 silly packumentCache full:https://registry.npmjs.org/@resvg%2fresvg-js-linux-arm-gnueabihf set size:undefined disposed:false
90 silly fetch manifest css-tree@^3.2.1
91 silly packumentCache full:https://registry.npmjs.org/css-tree cache-miss
92 http fetch GET 200 https://registry.npmjs.org/@asamuzakjp%2fcss-color 139ms (cache miss)
93 silly packumentCache full:https://registry.npmjs.org/@asamuzakjp%2fcss-color set size:undefined disposed:false
94 silly fetch manifest data-urls@^7.0.0
95 silly packumentCache full:https://registry.npmjs.org/data-urls cache-miss
96 http fetch GET 200 https://registry.npmjs.org/@resvg%2fresvg-js-win32-x64-msvc 614ms (cache miss)
97 silly packumentCache full:https://registry.npmjs.org/@resvg%2fresvg-js-win32-x64-msvc set size:undefined disposed:false
98 silly fetch manifest decimal.js@^10.6.0
99 silly packumentCache full:https://registry.npmjs.org/decimal.js cache-miss
100 http fetch GET 200 https://registry.npmjs.org/@bramus%2fspecificity 146ms (cache miss)
101 silly packumentCache full:https://registry.npmjs.org/@bramus%2fspecificity set size:undefined disposed:false
102 silly fetch manifest html-encoding-sniffer@^6.0.0
103 silly packumentCache full:https://registry.npmjs.org/html-encoding-sniffer cache-miss
104 http fetch GET 200 https://registry.npmjs.org/@csstools%2fcss-syntax-patches-for-csstree 132ms (cache miss)
105 silly packumentCache full:https://registry.npmjs.org/@csstools%2fcss-syntax-patches-for-csstree set size:undefined disposed:false
106 silly fetch manifest is-potential-custom-element-name@^1.0.1
107 silly packumentCache full:https://registry.npmjs.org/is-potential-custom-element-name cache-miss
108 http fetch GET 200 https://registry.npmjs.org/data-urls 120ms (cache miss)
109 silly packumentCache full:https://registry.npmjs.org/data-urls set size:undefined disposed:false
110 silly fetch manifest lru-cache@^11.3.5
111 silly packumentCache full:https://registry.npmjs.org/lru-cache cache-miss
112 http fetch GET 200 https://registry.npmjs.org/@exodus%2fbytes 142ms (cache miss)
113 silly packumentCache full:https://registry.npmjs.org/@exodus%2fbytes set size:undefined disposed:false
114 silly fetch manifest parse5@^8.0.1
115 silly packumentCache full:https://registry.npmjs.org/parse5 cache-miss
116 http fetch GET 200 https://registry.npmjs.org/css-tree 142ms (cache miss)
117 silly packumentCache full:https://registry.npmjs.org/css-tree set size:undefined disposed:false
118 silly fetch manifest saxes@^6.0.0
119 silly packumentCache full:https://registry.npmjs.org/saxes cache-miss
120 http fetch GET 200 https://registry.npmjs.org/@asamuzakjp%2fdom-selector 260ms (cache miss)
121 silly packumentCache full:https://registry.npmjs.org/@asamuzakjp%2fdom-selector set size:undefined disposed:false
122 silly fetch manifest symbol-tree@^3.2.4
123 silly packumentCache full:https://registry.npmjs.org/symbol-tree cache-miss
124 http fetch GET 200 https://registry.npmjs.org/decimal.js 127ms (cache miss)
125 silly packumentCache full:https://registry.npmjs.org/decimal.js set size:undefined disposed:false
126 silly fetch manifest tough-cookie@^6.0.1
127 silly packumentCache full:https://registry.npmjs.org/tough-cookie cache-miss
128 http fetch GET 200 https://registry.npmjs.org/html-encoding-sniffer 117ms (cache miss)
129 silly packumentCache full:https://registry.npmjs.org/html-encoding-sniffer set size:undefined disposed:false
130 silly fetch manifest undici@^7.25.0
131 silly packumentCache full:https://registry.npmjs.org/undici cache-miss
132 http fetch GET 200 https://registry.npmjs.org/is-potential-custom-element-name 116ms (cache miss)
133 silly packumentCache full:https://registry.npmjs.org/is-potential-custom-element-name set size:undefined disposed:false
134 silly fetch manifest w3c-xmlserializer@^5.0.0
135 silly packumentCache full:https://registry.npmjs.org/w3c-xmlserializer cache-miss
136 http fetch GET 200 https://registry.npmjs.org/parse5 123ms (cache miss)
137 silly packumentCache full:https://registry.npmjs.org/parse5 set size:undefined disposed:false
138 silly fetch manifest webidl-conversions@^8.0.1
139 silly packumentCache full:https://registry.npmjs.org/webidl-conversions cache-miss
140 http fetch GET 200 https://registry.npmjs.org/symbol-tree 122ms (cache miss)
141 silly packumentCache full:https://registry.npmjs.org/symbol-tree set size:undefined disposed:false
142 silly fetch manifest whatwg-mimetype@^5.0.0
143 silly packumentCache full:https://registry.npmjs.org/whatwg-mimetype cache-miss
144 http fetch GET 200 https://registry.npmjs.org/saxes 139ms (cache miss)
145 silly packumentCache full:https://registry.npmjs.org/saxes set size:undefined disposed:false
146 silly fetch manifest whatwg-url@^16.0.1
147 silly packumentCache full:https://registry.npmjs.org/whatwg-url cache-miss
148 http fetch GET 200 https://registry.npmjs.org/tough-cookie 131ms (cache miss)
149 silly packumentCache full:https://registry.npmjs.org/tough-cookie set size:undefined disposed:false
150 silly fetch manifest xml-name-validator@^5.0.0
151 silly packumentCache full:https://registry.npmjs.org/xml-name-validator cache-miss
152 http fetch GET 200 https://registry.npmjs.org/w3c-xmlserializer 193ms (cache miss)
153 silly packumentCache full:https://registry.npmjs.org/w3c-xmlserializer set size:undefined disposed:false
154 silly fetch manifest @braintree/sanitize-url@^7.1.2
155 silly packumentCache full:https://registry.npmjs.org/@braintree%2fsanitize-url cache-miss
156 http fetch GET 200 https://registry.npmjs.org/whatwg-mimetype 223ms (cache miss)
157 silly packumentCache full:https://registry.npmjs.org/whatwg-mimetype set size:undefined disposed:false
158 silly fetch manifest @iconify/utils@^3.0.2
159 silly packumentCache full:https://registry.npmjs.org/@iconify%2futils cache-miss
160 http fetch GET 200 https://registry.npmjs.org/lru-cache 385ms (cache miss)
161 silly packumentCache full:https://registry.npmjs.org/lru-cache set size:undefined disposed:false
162 silly fetch manifest @types/d3@^7.4.3
163 silly packumentCache full:https://registry.npmjs.org/@types%2fd3 cache-miss
164 http fetch GET 200 https://registry.npmjs.org/xml-name-validator 270ms (cache miss)
165 silly packumentCache full:https://registry.npmjs.org/xml-name-validator set size:undefined disposed:false
166 silly fetch manifest @upsetjs/venn.js@^2.0.0
167 silly packumentCache full:https://registry.npmjs.org/@upsetjs%2fvenn.js cache-miss
168 http fetch GET 200 https://registry.npmjs.org/webidl-conversions 918ms (cache miss)
169 silly packumentCache full:https://registry.npmjs.org/webidl-conversions set size:undefined disposed:false
170 silly fetch manifest cytoscape@^3.33.3
171 silly packumentCache full:https://registry.npmjs.org/cytoscape cache-miss
172 http fetch GET 200 https://registry.npmjs.org/@upsetjs%2fvenn.js 705ms (cache miss)
173 silly packumentCache full:https://registry.npmjs.org/@upsetjs%2fvenn.js set size:undefined disposed:false
174 silly fetch manifest cytoscape-cose-bilkent@^4.1.0
175 silly packumentCache full:https://registry.npmjs.org/cytoscape-cose-bilkent cache-miss
176 http fetch GET 200 https://registry.npmjs.org/whatwg-url 988ms (cache miss)
177 silly packumentCache full:https://registry.npmjs.org/whatwg-url set size:undefined disposed:false
178 silly fetch manifest cytoscape-fcose@^2.2.0
179 silly packumentCache full:https://registry.npmjs.org/cytoscape-fcose cache-miss
180 http fetch GET 200 https://registry.npmjs.org/@braintree%2fsanitize-url 846ms (cache miss)
181 silly packumentCache full:https://registry.npmjs.org/@braintree%2fsanitize-url set size:undefined disposed:false
182 silly fetch manifest d3@^7.9.0
183 silly packumentCache full:https://registry.npmjs.org/d3 cache-miss
184 http fetch GET 200 https://registry.npmjs.org/@types%2fd3 735ms (cache miss)
185 silly packumentCache full:https://registry.npmjs.org/@types%2fd3 set size:undefined disposed:false
186 silly fetch manifest d3-sankey@^0.12.3
187 silly packumentCache full:https://registry.npmjs.org/d3-sankey cache-miss
188 http fetch GET 200 https://registry.npmjs.org/@iconify%2futils 806ms (cache miss)
189 silly packumentCache full:https://registry.npmjs.org/@iconify%2futils set size:undefined disposed:false
190 silly fetch manifest dagre-d3-es@7.0.14
191 silly packumentCache full:https://registry.npmjs.org/dagre-d3-es cache-miss
192 http fetch GET 200 https://registry.npmjs.org/undici 1126ms (cache miss)
193 silly packumentCache full:https://registry.npmjs.org/undici set size:undefined disposed:false
194 silly fetch manifest dayjs@^1.11.20
195 silly packumentCache full:https://registry.npmjs.org/dayjs cache-miss
196 http fetch GET 200 https://registry.npmjs.org/cytoscape-fcose 160ms (cache miss)
197 silly packumentCache full:https://registry.npmjs.org/cytoscape-fcose set size:undefined disposed:false
198 silly fetch manifest dompurify@^3.3.3
199 silly packumentCache full:https://registry.npmjs.org/dompurify cache-miss
200 http fetch GET 200 https://registry.npmjs.org/d3-sankey 148ms (cache miss)
201 silly packumentCache full:https://registry.npmjs.org/d3-sankey set size:undefined disposed:false
202 silly fetch manifest es-toolkit@^1.45.1
203 silly packumentCache full:https://registry.npmjs.org/es-toolkit cache-miss
204 http fetch GET 200 https://registry.npmjs.org/dagre-d3-es 131ms (cache miss)
205 silly packumentCache full:https://registry.npmjs.org/dagre-d3-es set size:undefined disposed:false
206 silly fetch manifest katex@^0.16.45
207 silly packumentCache full:https://registry.npmjs.org/katex cache-miss
208 http fetch GET 200 https://registry.npmjs.org/d3 184ms (cache miss)
209 silly packumentCache full:https://registry.npmjs.org/d3 set size:undefined disposed:false
210 silly fetch manifest khroma@^2.1.0
211 silly packumentCache full:https://registry.npmjs.org/khroma cache-miss
212 http fetch GET 200 https://registry.npmjs.org/cytoscape 291ms (cache miss)
213 silly packumentCache full:https://registry.npmjs.org/cytoscape set size:undefined disposed:false
214 silly fetch manifest marked@^16.3.0
215 silly packumentCache full:https://registry.npmjs.org/marked cache-miss
216 http fetch GET 200 https://registry.npmjs.org/cytoscape-cose-bilkent 298ms (cache miss)
217 silly packumentCache full:https://registry.npmjs.org/cytoscape-cose-bilkent set size:undefined disposed:false
218 silly fetch manifest roughjs@^4.6.6
219 silly packumentCache full:https://registry.npmjs.org/roughjs cache-miss
220 http fetch GET 200 https://registry.npmjs.org/khroma 134ms (cache miss)
221 silly packumentCache full:https://registry.npmjs.org/khroma set size:undefined disposed:false
222 silly fetch manifest stylis@^4.3.6
223 silly packumentCache full:https://registry.npmjs.org/stylis cache-miss
224 http fetch GET 200 https://registry.npmjs.org/dompurify 170ms (cache miss)
225 silly packumentCache full:https://registry.npmjs.org/dompurify set size:undefined disposed:false
226 silly fetch manifest ts-dedent@^2.2.0
227 silly packumentCache full:https://registry.npmjs.org/ts-dedent cache-miss
228 http fetch GET 200 https://registry.npmjs.org/katex 172ms (cache miss)
229 silly packumentCache full:https://registry.npmjs.org/katex set size:undefined disposed:false
230 silly fetch manifest uuid@^11.1.0 || ^12 || ^13 || ^14.0.0
231 silly packumentCache full:https://registry.npmjs.org/uuid cache-miss
232 http fetch GET 200 https://registry.npmjs.org/dayjs 259ms (cache miss)
233 silly packumentCache full:https://registry.npmjs.org/dayjs set size:undefined disposed:false
234 silly fetch manifest @mermaid-js/parser@^1.2.0
235 silly packumentCache full:https://registry.npmjs.org/@mermaid-js%2fparser cache-miss
236 http fetch GET 200 https://registry.npmjs.org/marked 175ms (cache miss)
237 silly packumentCache full:https://registry.npmjs.org/marked set size:undefined disposed:false
238 http fetch GET 200 https://registry.npmjs.org/roughjs 138ms (cache miss)
239 silly packumentCache full:https://registry.npmjs.org/roughjs set size:undefined disposed:false
240 http fetch GET 200 https://registry.npmjs.org/stylis 148ms (cache miss)
241 silly packumentCache full:https://registry.npmjs.org/stylis set size:undefined disposed:false
242 http fetch GET 200 https://registry.npmjs.org/@mermaid-js%2fparser 130ms (cache miss)
243 silly packumentCache full:https://registry.npmjs.org/@mermaid-js%2fparser set size:undefined disposed:false
244 http fetch GET 200 https://registry.npmjs.org/uuid 140ms (cache miss)
245 silly packumentCache full:https://registry.npmjs.org/uuid set size:undefined disposed:false
246 http fetch GET 200 https://registry.npmjs.org/es-toolkit 388ms (cache miss)
247 silly packumentCache full:https://registry.npmjs.org/es-toolkit set size:undefined disposed:false
248 http fetch GET 200 https://registry.npmjs.org/ts-dedent 443ms (cache miss)
249 silly packumentCache full:https://registry.npmjs.org/ts-dedent set size:undefined disposed:false
250 silly placeDep ROOT @resvg/resvg-js-android-arm-eabi@2.6.2 OK for: @resvg/resvg-js@2.6.2 want: 2.6.2
251 silly placeDep ROOT @resvg/resvg-js-android-arm64@2.6.2 OK for: @resvg/resvg-js@2.6.2 want: 2.6.2
252 silly placeDep ROOT @resvg/resvg-js-darwin-arm64@2.6.2 OK for: @resvg/resvg-js@2.6.2 want: 2.6.2
253 silly placeDep ROOT @resvg/resvg-js-darwin-x64@2.6.2 OK for: @resvg/resvg-js@2.6.2 want: 2.6.2
254 silly placeDep ROOT @resvg/resvg-js-linux-arm-gnueabihf@2.6.2 OK for: @resvg/resvg-js@2.6.2 want: 2.6.2
255 silly placeDep ROOT @resvg/resvg-js-linux-arm64-gnu@2.6.2 OK for: @resvg/resvg-js@2.6.2 want: 2.6.2
256 silly placeDep ROOT @resvg/resvg-js-linux-arm64-musl@2.6.2 OK for: @resvg/resvg-js@2.6.2 want: 2.6.2
257 silly placeDep ROOT @resvg/resvg-js-linux-x64-gnu@2.6.2 OK for: @resvg/resvg-js@2.6.2 want: 2.6.2
258 silly placeDep ROOT @resvg/resvg-js-linux-x64-musl@2.6.2 OK for: @resvg/resvg-js@2.6.2 want: 2.6.2
259 silly placeDep ROOT @resvg/resvg-js-win32-arm64-msvc@2.6.2 OK for: @resvg/resvg-js@2.6.2 want: 2.6.2
260 silly placeDep ROOT @resvg/resvg-js-win32-ia32-msvc@2.6.2 OK for: @resvg/resvg-js@2.6.2 want: 2.6.2
261 silly placeDep ROOT @resvg/resvg-js-win32-x64-msvc@2.6.2 OK for: @resvg/resvg-js@2.6.2 want: 2.6.2
262 silly fetch manifest @noble/hashes@^1.8.0 || ^2.0.0
263 silly packumentCache full:https://registry.npmjs.org/@noble%2fhashes cache-miss
264 http fetch GET 200 https://registry.npmjs.org/@noble%2fhashes 145ms (cache miss)
265 silly packumentCache full:https://registry.npmjs.org/@noble%2fhashes set size:undefined disposed:false
266 silly placeDep ROOT @asamuzakjp/css-color@5.1.11 OK for: jsdom@29.1.1 want: ^5.1.11
267 silly placeDep ROOT @asamuzakjp/dom-selector@7.1.1 OK for: jsdom@29.1.1 want: ^7.1.1
268 silly placeDep ROOT @bramus/specificity@2.4.2 OK for: jsdom@29.1.1 want: ^2.4.2
269 silly placeDep ROOT @csstools/css-syntax-patches-for-csstree@1.1.6 OK for: jsdom@29.1.1 want: ^1.1.3
270 silly placeDep ROOT @exodus/bytes@1.15.1 OK for: jsdom@29.1.1 want: ^1.15.0
271 silly placeDep ROOT css-tree@3.2.1 OK for: jsdom@29.1.1 want: ^3.2.1
272 silly placeDep ROOT data-urls@7.0.0 OK for: jsdom@29.1.1 want: ^7.0.0
273 silly placeDep ROOT decimal.js@10.6.0 OK for: jsdom@29.1.1 want: ^10.6.0
274 silly placeDep ROOT html-encoding-sniffer@6.0.0 OK for: jsdom@29.1.1 want: ^6.0.0
275 silly placeDep ROOT is-potential-custom-element-name@1.0.1 OK for: jsdom@29.1.1 want: ^1.0.1
276 silly placeDep node_modules/jsdom lru-cache@11.5.2 OK for: jsdom@29.1.1 want: ^11.3.5
277 silly placeDep ROOT parse5@8.0.1 OK for: jsdom@29.1.1 want: ^8.0.1
278 silly placeDep ROOT saxes@6.0.0 OK for: jsdom@29.1.1 want: ^6.0.0
279 silly placeDep ROOT symbol-tree@3.2.4 OK for: jsdom@29.1.1 want: ^3.2.4
280 silly placeDep ROOT tough-cookie@6.0.2 OK for: jsdom@29.1.1 want: ^6.0.1
281 silly placeDep ROOT undici@7.28.0 OK for: jsdom@29.1.1 want: ^7.25.0
282 silly placeDep ROOT w3c-xmlserializer@5.0.0 OK for: jsdom@29.1.1 want: ^5.0.0
283 silly placeDep ROOT webidl-conversions@8.0.1 OK for: jsdom@29.1.1 want: ^8.0.1
284 silly placeDep ROOT whatwg-mimetype@5.0.0 OK for: jsdom@29.1.1 want: ^5.0.0
285 silly placeDep ROOT whatwg-url@16.0.1 OK for: jsdom@29.1.1 want: ^16.0.1
286 silly placeDep ROOT xml-name-validator@5.0.0 OK for: jsdom@29.1.1 want: ^5.0.0
287 silly fetch manifest @csstools/css-calc@^3.2.0
288 silly packumentCache full:https://registry.npmjs.org/@csstools%2fcss-calc cache-miss
289 silly fetch manifest @csstools/css-tokenizer@^4.0.0
290 silly packumentCache full:https://registry.npmjs.org/@csstools%2fcss-tokenizer cache-miss
291 silly fetch manifest @csstools/css-color-parser@^4.1.0
292 silly packumentCache full:https://registry.npmjs.org/@csstools%2fcss-color-parser cache-miss
293 silly fetch manifest @asamuzakjp/generational-cache@^1.0.1
294 silly packumentCache full:https://registry.npmjs.org/@asamuzakjp%2fgenerational-cache cache-miss
295 silly fetch manifest @csstools/css-parser-algorithms@^4.0.0
296 silly packumentCache full:https://registry.npmjs.org/@csstools%2fcss-parser-algorithms cache-miss
297 silly fetch manifest bidi-js@^1.0.3
298 silly packumentCache full:https://registry.npmjs.org/bidi-js cache-miss
299 silly fetch manifest @asamuzakjp/nwsapi@^2.3.9
300 silly packumentCache full:https://registry.npmjs.org/@asamuzakjp%2fnwsapi cache-miss
301 http fetch GET 200 https://registry.npmjs.org/bidi-js 115ms (cache miss)
302 silly packumentCache full:https://registry.npmjs.org/bidi-js set size:undefined disposed:false
303 silly fetch manifest @asamuzakjp/generational-cache@^1.0.1
304 silly packumentCache full:https://registry.npmjs.org/@asamuzakjp%2fgenerational-cache cache-miss
305 http fetch GET 200 https://registry.npmjs.org/@asamuzakjp%2fgenerational-cache 138ms (cache miss)
306 silly packumentCache full:https://registry.npmjs.org/@asamuzakjp%2fgenerational-cache set size:undefined disposed:false
307 silly fetch manifest css-tree@^3.0.0
308 silly packumentCache full:https://registry.npmjs.org/css-tree cache-miss
309 http fetch GET 200 https://registry.npmjs.org/@asamuzakjp%2fnwsapi 138ms (cache miss)
310 silly packumentCache full:https://registry.npmjs.org/@asamuzakjp%2fnwsapi set size:undefined disposed:false
311 silly fetch manifest mdn-data@2.27.1
312 silly packumentCache full:https://registry.npmjs.org/mdn-data cache-miss
313 http fetch GET 200 https://registry.npmjs.org/@csstools%2fcss-tokenizer 141ms (cache miss)
314 silly packumentCache full:https://registry.npmjs.org/@csstools%2fcss-tokenizer set size:undefined disposed:false
315 silly fetch manifest whatwg-url@^16.0.0
316 silly packumentCache full:https://registry.npmjs.org/whatwg-url cache-miss
317 http fetch GET 200 https://registry.npmjs.org/@csstools%2fcss-parser-algorithms 142ms (cache miss)
318 silly packumentCache full:https://registry.npmjs.org/@csstools%2fcss-parser-algorithms set size:undefined disposed:false
319 silly fetch manifest entities@^8.0.0
320 silly packumentCache full:https://registry.npmjs.org/entities cache-miss
321 http cache https://registry.npmjs.org/css-tree 11ms (cache hit)
322 silly packumentCache full:https://registry.npmjs.org/css-tree set size:229638 disposed:false
323 silly fetch manifest xmlchars@^2.2.0
324 silly packumentCache full:https://registry.npmjs.org/xmlchars cache-miss
325 http cache https://registry.npmjs.org/whatwg-url 11ms (cache hit)
326 silly packumentCache full:https://registry.npmjs.org/whatwg-url set size:177251 disposed:false
327 silly fetch manifest tldts@^7.0.5
328 silly packumentCache full:https://registry.npmjs.org/tldts cache-miss
329 http fetch GET 200 https://registry.npmjs.org/@csstools%2fcss-color-parser 155ms (cache miss)
330 silly packumentCache full:https://registry.npmjs.org/@csstools%2fcss-color-parser set size:undefined disposed:false
331 silly fetch manifest tr46@^6.0.0
332 silly packumentCache full:https://registry.npmjs.org/tr46 cache-miss
333 http fetch GET 200 https://registry.npmjs.org/@csstools%2fcss-calc 163ms (cache miss)
334 silly packumentCache full:https://registry.npmjs.org/@csstools%2fcss-calc set size:undefined disposed:false
335 http fetch GET 200 https://registry.npmjs.org/@asamuzakjp%2fgenerational-cache 128ms (cache miss)
336 silly packumentCache full:https://registry.npmjs.org/@asamuzakjp%2fgenerational-cache set size:undefined disposed:false
337 http fetch GET 200 https://registry.npmjs.org/xmlchars 118ms (cache miss)
338 silly packumentCache full:https://registry.npmjs.org/xmlchars set size:undefined disposed:false
339 http fetch GET 200 https://registry.npmjs.org/entities 128ms (cache miss)
340 silly packumentCache full:https://registry.npmjs.org/entities set size:undefined disposed:false
341 http fetch GET 200 https://registry.npmjs.org/tr46 121ms (cache miss)
342 silly packumentCache full:https://registry.npmjs.org/tr46 set size:undefined disposed:false
343 http fetch GET 200 https://registry.npmjs.org/mdn-data 142ms (cache miss)
344 silly packumentCache full:https://registry.npmjs.org/mdn-data set size:undefined disposed:false
345 http fetch GET 200 https://registry.npmjs.org/tldts 361ms (cache miss)
346 silly packumentCache full:https://registry.npmjs.org/tldts set size:undefined disposed:false
347 silly placeDep ROOT @asamuzakjp/generational-cache@1.0.1 OK for: @asamuzakjp/css-color@5.1.11 want: ^1.0.1
348 silly placeDep ROOT @csstools/css-calc@3.2.1 OK for: @asamuzakjp/css-color@5.1.11 want: ^3.2.0
349 silly placeDep ROOT @csstools/css-parser-algorithms@4.0.0 OK for: @csstools/css-calc@3.2.1 want: ^4.0.0
350 silly placeDep ROOT @csstools/css-tokenizer@4.0.0 OK for: @csstools/css-parser-algorithms@4.0.0 want: ^4.0.0
351 silly placeDep ROOT @csstools/css-color-parser@4.1.9 OK for: @asamuzakjp/css-color@5.1.11 want: ^4.1.0
352 silly fetch manifest @csstools/color-helpers@^6.1.0
353 silly packumentCache full:https://registry.npmjs.org/@csstools%2fcolor-helpers cache-miss
354 http fetch GET 200 https://registry.npmjs.org/@csstools%2fcolor-helpers 129ms (cache miss)
355 silly packumentCache full:https://registry.npmjs.org/@csstools%2fcolor-helpers set size:undefined disposed:false
356 silly placeDep ROOT @asamuzakjp/nwsapi@2.3.9 OK for: @asamuzakjp/dom-selector@7.1.1 want: ^2.3.9
357 silly placeDep ROOT bidi-js@1.0.3 OK for: @asamuzakjp/dom-selector@7.1.1 want: ^1.0.3
358 silly fetch manifest require-from-string@^2.0.2
359 silly packumentCache full:https://registry.npmjs.org/require-from-string cache-miss
360 http fetch GET 200 https://registry.npmjs.org/require-from-string 118ms (cache miss)
361 silly packumentCache full:https://registry.npmjs.org/require-from-string set size:undefined disposed:false
362 silly placeDep ROOT @csstools/color-helpers@6.1.0 OK for: @csstools/css-color-parser@4.1.9 want: ^6.1.0
363 silly placeDep ROOT require-from-string@2.0.2 OK for: bidi-js@1.0.3 want: ^2.0.2
364 silly placeDep ROOT mdn-data@2.27.1 OK for: css-tree@3.2.1 want: 2.27.1
365 silly placeDep ROOT @braintree/sanitize-url@7.1.2 OK for: mermaid@11.16.0 want: ^7.1.2
366 silly placeDep ROOT @iconify/utils@3.1.4 OK for: mermaid@11.16.0 want: ^3.0.2
367 silly placeDep ROOT @mermaid-js/parser@1.2.0 OK for: mermaid@11.16.0 want: ^1.2.0
368 silly placeDep ROOT @types/d3@7.4.3 OK for: mermaid@11.16.0 want: ^7.4.3
369 silly placeDep ROOT @upsetjs/venn.js@2.0.0 OK for: mermaid@11.16.0 want: ^2.0.0
370 silly placeDep ROOT cytoscape@3.34.0 OK for: mermaid@11.16.0 want: ^3.33.3
371 silly placeDep ROOT cytoscape-cose-bilkent@4.1.0 OK for: mermaid@11.16.0 want: ^4.1.0
372 silly placeDep ROOT cytoscape-fcose@2.2.0 OK for: mermaid@11.16.0 want: ^2.2.0
373 silly placeDep ROOT d3@7.9.0 OK for: mermaid@11.16.0 want: ^7.9.0
374 silly placeDep ROOT d3-sankey@0.12.3 OK for: mermaid@11.16.0 want: ^0.12.3
375 silly placeDep ROOT dagre-d3-es@7.0.14 OK for: mermaid@11.16.0 want: 7.0.14
376 silly placeDep ROOT dayjs@1.11.21 OK for: mermaid@11.16.0 want: ^1.11.20
377 silly placeDep ROOT dompurify@3.4.12 OK for: mermaid@11.16.0 want: ^3.3.3
378 silly placeDep ROOT es-toolkit@1.49.0 OK for: mermaid@11.16.0 want: ^1.45.1
379 silly placeDep ROOT katex@0.16.47 OK for: mermaid@11.16.0 want: ^0.16.45
380 silly placeDep ROOT khroma@2.1.0 OK for: mermaid@11.16.0 want: ^2.1.0
381 silly placeDep ROOT marked@16.4.2 OK for: mermaid@11.16.0 want: ^16.3.0
382 silly placeDep ROOT roughjs@4.6.6 OK for: mermaid@11.16.0 want: ^4.6.6
383 silly placeDep ROOT stylis@4.4.0 OK for: mermaid@11.16.0 want: ^4.3.6
384 silly placeDep ROOT ts-dedent@2.3.0 OK for: mermaid@11.16.0 want: ^2.2.0
385 silly placeDep ROOT uuid@14.0.1 OK for: mermaid@11.16.0 want: ^11.1.0 || ^12 || ^13 || ^14.0.0
386 silly fetch manifest @antfu/install-pkg@^1.1.0
387 silly packumentCache full:https://registry.npmjs.org/@antfu%2finstall-pkg cache-miss
388 silly fetch manifest import-meta-resolve@^4.2.0
389 silly packumentCache full:https://registry.npmjs.org/import-meta-resolve cache-miss
390 silly fetch manifest @iconify/types@^2.0.0
391 silly packumentCache full:https://registry.npmjs.org/@iconify%2ftypes cache-miss
392 silly fetch manifest @chevrotain/types@~11.1.2
393 silly packumentCache full:https://registry.npmjs.org/@chevrotain%2ftypes cache-miss
394 silly fetch manifest @types/d3-dsv@*
395 silly packumentCache full:https://registry.npmjs.org/@types%2fd3-dsv cache-miss
396 silly fetch manifest @types/d3-geo@*
397 silly packumentCache full:https://registry.npmjs.org/@types%2fd3-geo cache-miss
398 silly fetch manifest @types/d3-axis@*
399 silly packumentCache full:https://registry.npmjs.org/@types%2fd3-axis cache-miss
400 http fetch GET 200 https://registry.npmjs.org/@antfu%2finstall-pkg 156ms (cache miss)
401 silly packumentCache full:https://registry.npmjs.org/@antfu%2finstall-pkg set size:undefined disposed:false
402 silly fetch manifest @types/d3-drag@*
403 silly packumentCache full:https://registry.npmjs.org/@types%2fd3-drag cache-miss
404 http fetch GET 200 https://registry.npmjs.org/@chevrotain%2ftypes 159ms (cache miss)
405 silly packumentCache full:https://registry.npmjs.org/@chevrotain%2ftypes set size:undefined disposed:false
406 silly fetch manifest @types/d3-ease@*
407 silly packumentCache full:https://registry.npmjs.org/@types%2fd3-ease cache-miss
408 http fetch GET 200 https://registry.npmjs.org/@types%2fd3-geo 163ms (cache miss)
409 silly packumentCache full:https://registry.npmjs.org/@types%2fd3-geo set size:undefined disposed:false
410 silly fetch manifest @types/d3-path@*
411 silly packumentCache full:https://registry.npmjs.org/@types%2fd3-path cache-miss
412 http fetch GET 200 https://registry.npmjs.org/@types%2fd3-axis 163ms (cache miss)
413 silly packumentCache full:https://registry.npmjs.org/@types%2fd3-axis set size:undefined disposed:false
414 silly fetch manifest @types/d3-time@*
415 silly packumentCache full:https://registry.npmjs.org/@types%2fd3-time cache-miss
416 http fetch GET 200 https://registry.npmjs.org/import-meta-resolve 166ms (cache miss)
417 silly packumentCache full:https://registry.npmjs.org/import-meta-resolve set size:undefined disposed:false
418 silly fetch manifest @types/d3-zoom@*
419 silly packumentCache full:https://registry.npmjs.org/@types%2fd3-zoom cache-miss
420 http fetch GET 200 https://registry.npmjs.org/@types%2fd3-dsv 169ms (cache miss)
421 silly packumentCache full:https://registry.npmjs.org/@types%2fd3-dsv set size:undefined disposed:false
422 silly fetch manifest @types/d3-array@*
423 silly packumentCache full:https://registry.npmjs.org/@types%2fd3-array cache-miss
424 http fetch GET 200 https://registry.npmjs.org/@types%2fd3-time 126ms (cache miss)
425 silly packumentCache full:https://registry.npmjs.org/@types%2fd3-time set size:undefined disposed:false
426 silly fetch manifest @types/d3-brush@*
427 silly packumentCache full:https://registry.npmjs.org/@types%2fd3-brush cache-miss
428 http fetch GET 200 https://registry.npmjs.org/@types%2fd3-path 128ms (cache miss)
429 silly packumentCache full:https://registry.npmjs.org/@types%2fd3-path set size:undefined disposed:false
430 silly fetch manifest @types/d3-chord@*
431 silly packumentCache full:https://registry.npmjs.org/@types%2fd3-chord cache-miss
432 http fetch GET 200 https://registry.npmjs.org/@types%2fd3-drag 135ms (cache miss)
433 silly packumentCache full:https://registry.npmjs.org/@types%2fd3-drag set size:undefined disposed:false
434 silly fetch manifest @types/d3-color@*
435 silly packumentCache full:https://registry.npmjs.org/@types%2fd3-color cache-miss
436 http fetch GET 200 https://registry.npmjs.org/@types%2fd3-zoom 127ms (cache miss)
437 silly packumentCache full:https://registry.npmjs.org/@types%2fd3-zoom set size:undefined disposed:false
438 silly fetch manifest @types/d3-fetch@*
439 silly packumentCache full:https://registry.npmjs.org/@types%2fd3-fetch cache-miss
440 http fetch GET 200 https://registry.npmjs.org/@iconify%2ftypes 297ms (cache miss)
441 silly packumentCache full:https://registry.npmjs.org/@iconify%2ftypes set size:undefined disposed:false
442 silly fetch manifest @types/d3-force@*
443 silly packumentCache full:https://registry.npmjs.org/@types%2fd3-force cache-miss
444 http fetch GET 200 https://registry.npmjs.org/@types%2fd3-array 149ms (cache miss)
445 silly packumentCache full:https://registry.npmjs.org/@types%2fd3-array set size:undefined disposed:false
446 silly fetch manifest @types/d3-scale@*
447 silly packumentCache full:https://registry.npmjs.org/@types%2fd3-scale cache-miss
448 http fetch GET 200 https://registry.npmjs.org/@types%2fd3-brush 126ms (cache miss)
449 silly packumentCache full:https://registry.npmjs.org/@types%2fd3-brush set size:undefined disposed:false
450 silly fetch manifest @types/d3-shape@*
451 silly packumentCache full:https://registry.npmjs.org/@types%2fd3-shape cache-miss
452 http fetch GET 200 https://registry.npmjs.org/@types%2fd3-chord 127ms (cache miss)
453 silly packumentCache full:https://registry.npmjs.org/@types%2fd3-chord set size:undefined disposed:false
454 silly fetch manifest @types/d3-timer@*
455 silly packumentCache full:https://registry.npmjs.org/@types%2fd3-timer cache-miss
456 http fetch GET 200 https://registry.npmjs.org/@types%2fd3-color 130ms (cache miss)
457 silly packumentCache full:https://registry.npmjs.org/@types%2fd3-color set size:undefined disposed:false
458 silly fetch manifest @types/d3-format@*
459 silly packumentCache full:https://registry.npmjs.org/@types%2fd3-format cache-miss
460 http fetch GET 200 https://registry.npmjs.org/@types%2fd3-fetch 128ms (cache miss)
461 silly packumentCache full:https://registry.npmjs.org/@types%2fd3-fetch set size:undefined disposed:false
462 silly fetch manifest @types/d3-random@*
463 silly packumentCache full:https://registry.npmjs.org/@types%2fd3-random cache-miss
464 http fetch GET 200 https://registry.npmjs.org/@types%2fd3-force 127ms (cache miss)
465 silly packumentCache full:https://registry.npmjs.org/@types%2fd3-force set size:undefined disposed:false
466 silly fetch manifest @types/d3-contour@*
467 silly packumentCache full:https://registry.npmjs.org/@types%2fd3-contour cache-miss
468 http fetch GET 200 https://registry.npmjs.org/@types%2fd3-ease 334ms (cache miss)
469 silly packumentCache full:https://registry.npmjs.org/@types%2fd3-ease set size:undefined disposed:false
470 silly fetch manifest @types/d3-polygon@*
471 silly packumentCache full:https://registry.npmjs.org/@types%2fd3-polygon cache-miss
472 http fetch GET 200 https://registry.npmjs.org/@types%2fd3-scale 180ms (cache miss)
473 silly packumentCache full:https://registry.npmjs.org/@types%2fd3-scale set size:undefined disposed:false
474 silly fetch manifest @types/d3-delaunay@*
475 silly packumentCache full:https://registry.npmjs.org/@types%2fd3-delaunay cache-miss
476 http fetch GET 200 https://registry.npmjs.org/@types%2fd3-timer 125ms (cache miss)
477 silly packumentCache full:https://registry.npmjs.org/@types%2fd3-timer set size:undefined disposed:false
478 silly fetch manifest @types/d3-dispatch@*
479 silly packumentCache full:https://registry.npmjs.org/@types%2fd3-dispatch cache-miss
480 http fetch GET 200 https://registry.npmjs.org/@types%2fd3-shape 138ms (cache miss)
481 silly packumentCache full:https://registry.npmjs.org/@types%2fd3-shape set size:undefined disposed:false
482 silly fetch manifest @types/d3-quadtree@*
483 silly packumentCache full:https://registry.npmjs.org/@types%2fd3-quadtree cache-miss
484 http fetch GET 200 https://registry.npmjs.org/@types%2fd3-format 187ms (cache miss)
485 silly packumentCache full:https://registry.npmjs.org/@types%2fd3-format set size:undefined disposed:false
486 silly fetch manifest @types/d3-hierarchy@*
487 silly packumentCache full:https://registry.npmjs.org/@types%2fd3-hierarchy cache-miss
488 http fetch GET 200 https://registry.npmjs.org/@types%2fd3-contour 188ms (cache miss)
489 silly packumentCache full:https://registry.npmjs.org/@types%2fd3-contour set size:undefined disposed:false
490 silly fetch manifest @types/d3-selection@*
491 silly packumentCache full:https://registry.npmjs.org/@types%2fd3-selection cache-miss
492 http fetch GET 200 https://registry.npmjs.org/@types%2fd3-random 198ms (cache miss)
493 silly packumentCache full:https://registry.npmjs.org/@types%2fd3-random set size:undefined disposed:false
494 silly fetch manifest @types/d3-transition@*
495 silly packumentCache full:https://registry.npmjs.org/@types%2fd3-transition cache-miss
496 http fetch GET 200 https://registry.npmjs.org/@types%2fd3-delaunay 130ms (cache miss)
497 silly packumentCache full:https://registry.npmjs.org/@types%2fd3-delaunay set size:undefined disposed:false
498 silly fetch manifest @types/d3-interpolate@*
499 silly packumentCache full:https://registry.npmjs.org/@types%2fd3-interpolate cache-miss
500 http fetch GET 200 https://registry.npmjs.org/@types%2fd3-polygon 137ms (cache miss)
501 silly packumentCache full:https://registry.npmjs.org/@types%2fd3-polygon set size:undefined disposed:false
502 silly fetch manifest @types/d3-time-format@*
503 silly packumentCache full:https://registry.npmjs.org/@types%2fd3-time-format cache-miss
504 http fetch GET 200 https://registry.npmjs.org/@types%2fd3-dispatch 122ms (cache miss)
505 silly packumentCache full:https://registry.npmjs.org/@types%2fd3-dispatch set size:undefined disposed:false
506 silly fetch manifest @types/d3-scale-chromatic@*
507 silly packumentCache full:https://registry.npmjs.org/@types%2fd3-scale-chromatic cache-miss
508 http fetch GET 200 https://registry.npmjs.org/@types%2fd3-quadtree 154ms (cache miss)
509 silly packumentCache full:https://registry.npmjs.org/@types%2fd3-quadtree set size:undefined disposed:false
510 silly fetch manifest d3-selection@^3.0.0
511 silly packumentCache full:https://registry.npmjs.org/d3-selection cache-miss
512 http fetch GET 200 https://registry.npmjs.org/@types%2fd3-interpolate 130ms (cache miss)
513 silly packumentCache full:https://registry.npmjs.org/@types%2fd3-interpolate set size:undefined disposed:false
514 silly fetch manifest d3-transition@^3.0.1
515 silly packumentCache full:https://registry.npmjs.org/d3-transition cache-miss
516 http fetch GET 200 https://registry.npmjs.org/@types%2fd3-hierarchy 152ms (cache miss)
517 silly packumentCache full:https://registry.npmjs.org/@types%2fd3-hierarchy set size:undefined disposed:false
518 silly fetch manifest cose-base@^1.0.0
519 silly packumentCache full:https://registry.npmjs.org/cose-base cache-miss
520 http fetch GET 200 https://registry.npmjs.org/@types%2fd3-selection 146ms (cache miss)
521 silly packumentCache full:https://registry.npmjs.org/@types%2fd3-selection set size:undefined disposed:false
522 silly fetch manifest cose-base@^2.2.0
523 silly packumentCache full:https://registry.npmjs.org/cose-base cache-miss
524 http fetch GET 200 https://registry.npmjs.org/@types%2fd3-time-format 135ms (cache miss)
525 silly packumentCache full:https://registry.npmjs.org/@types%2fd3-time-format set size:undefined disposed:false
526 silly fetch manifest d3-dsv@3
527 silly packumentCache full:https://registry.npmjs.org/d3-dsv cache-miss
528 http fetch GET 200 https://registry.npmjs.org/@types%2fd3-scale-chromatic 128ms (cache miss)
529 silly packumentCache full:https://registry.npmjs.org/@types%2fd3-scale-chromatic set size:undefined disposed:false
530 silly fetch manifest d3-geo@3
531 silly packumentCache full:https://registry.npmjs.org/d3-geo cache-miss
532 http fetch GET 200 https://registry.npmjs.org/cose-base 124ms (cache miss)
533 silly packumentCache full:https://registry.npmjs.org/cose-base set size:undefined disposed:false
534 silly fetch manifest d3-axis@3
535 silly packumentCache full:https://registry.npmjs.org/d3-axis cache-miss
536 http fetch GET 200 https://registry.npmjs.org/cose-base 124ms (cache miss)
537 silly packumentCache full:https://registry.npmjs.org/cose-base set size:undefined disposed:false
538 silly fetch manifest d3-drag@3
539 silly packumentCache full:https://registry.npmjs.org/d3-drag cache-miss
540 http fetch GET 200 https://registry.npmjs.org/d3-selection 159ms (cache miss)
541 silly packumentCache full:https://registry.npmjs.org/d3-selection set size:undefined disposed:false
542 silly fetch manifest d3-ease@3
543 silly packumentCache full:https://registry.npmjs.org/d3-ease cache-miss
544 http fetch GET 200 https://registry.npmjs.org/@types%2fd3-transition 285ms (cache miss)
545 silly packumentCache full:https://registry.npmjs.org/@types%2fd3-transition set size:undefined disposed:false
546 silly fetch manifest d3-path@3
547 silly packumentCache full:https://registry.npmjs.org/d3-path cache-miss
548 http fetch GET 200 https://registry.npmjs.org/d3-dsv 142ms (cache miss)
549 silly packumentCache full:https://registry.npmjs.org/d3-dsv set size:undefined disposed:false
550 silly fetch manifest d3-time@3
551 silly packumentCache full:https://registry.npmjs.org/d3-time cache-miss
552 http fetch GET 200 https://registry.npmjs.org/d3-transition 166ms (cache miss)
553 silly packumentCache full:https://registry.npmjs.org/d3-transition set size:undefined disposed:false
554 silly fetch manifest d3-zoom@3
555 silly packumentCache full:https://registry.npmjs.org/d3-zoom cache-miss
556 http fetch GET 200 https://registry.npmjs.org/d3-geo 142ms (cache miss)
557 silly packumentCache full:https://registry.npmjs.org/d3-geo set size:undefined disposed:false
558 silly fetch manifest d3-array@3
559 silly packumentCache full:https://registry.npmjs.org/d3-array cache-miss
560 http fetch GET 200 https://registry.npmjs.org/d3-axis 120ms (cache miss)
561 silly packumentCache full:https://registry.npmjs.org/d3-axis set size:undefined disposed:false
562 silly fetch manifest d3-brush@3
563 silly packumentCache full:https://registry.npmjs.org/d3-brush cache-miss
564 http fetch GET 200 https://registry.npmjs.org/d3-drag 124ms (cache miss)
565 silly packumentCache full:https://registry.npmjs.org/d3-drag set size:undefined disposed:false
566 silly fetch manifest d3-chord@3
567 silly packumentCache full:https://registry.npmjs.org/d3-chord cache-miss
568 http fetch GET 200 https://registry.npmjs.org/d3-path 123ms (cache miss)
569 silly packumentCache full:https://registry.npmjs.org/d3-path set size:undefined disposed:false
570 silly fetch manifest d3-color@3
571 silly packumentCache full:https://registry.npmjs.org/d3-color cache-miss
572 http fetch GET 200 https://registry.npmjs.org/d3-ease 128ms (cache miss)
573 silly packumentCache full:https://registry.npmjs.org/d3-ease set size:undefined disposed:false
574 silly fetch manifest d3-fetch@3
575 silly packumentCache full:https://registry.npmjs.org/d3-fetch cache-miss
576 http fetch GET 200 https://registry.npmjs.org/d3-time 134ms (cache miss)
577 silly packumentCache full:https://registry.npmjs.org/d3-time set size:undefined disposed:false
578 silly fetch manifest d3-force@3
579 silly packumentCache full:https://registry.npmjs.org/d3-force cache-miss
580 http fetch GET 200 https://registry.npmjs.org/d3-array 129ms (cache miss)
581 silly packumentCache full:https://registry.npmjs.org/d3-array set size:undefined disposed:false
582 silly fetch manifest d3-scale@4
583 silly packumentCache full:https://registry.npmjs.org/d3-scale cache-miss
584 http fetch GET 200 https://registry.npmjs.org/d3-zoom 139ms (cache miss)
585 silly packumentCache full:https://registry.npmjs.org/d3-zoom set size:undefined disposed:false
586 silly fetch manifest d3-shape@3
587 silly packumentCache full:https://registry.npmjs.org/d3-shape cache-miss
588 http fetch GET 200 https://registry.npmjs.org/d3-brush 123ms (cache miss)
589 silly packumentCache full:https://registry.npmjs.org/d3-brush set size:undefined disposed:false
590 silly fetch manifest d3-timer@3
591 silly packumentCache full:https://registry.npmjs.org/d3-timer cache-miss
592 http fetch GET 200 https://registry.npmjs.org/d3-chord 122ms (cache miss)
593 silly packumentCache full:https://registry.npmjs.org/d3-chord set size:undefined disposed:false
594 silly fetch manifest d3-format@3
595 silly packumentCache full:https://registry.npmjs.org/d3-format cache-miss
596 http fetch GET 200 https://registry.npmjs.org/d3-fetch 122ms (cache miss)
597 silly packumentCache full:https://registry.npmjs.org/d3-fetch set size:undefined disposed:false
598 silly fetch manifest d3-random@3
599 silly packumentCache full:https://registry.npmjs.org/d3-random cache-miss
600 http fetch GET 200 https://registry.npmjs.org/d3-color 137ms (cache miss)
601 silly packumentCache full:https://registry.npmjs.org/d3-color set size:undefined disposed:false
602 silly fetch manifest d3-contour@4
603 silly packumentCache full:https://registry.npmjs.org/d3-contour cache-miss
604 http fetch GET 200 https://registry.npmjs.org/d3-force 167ms (cache miss)
605 silly packumentCache full:https://registry.npmjs.org/d3-force set size:undefined disposed:false
606 silly fetch manifest d3-polygon@3
607 silly packumentCache full:https://registry.npmjs.org/d3-polygon cache-miss
608 http fetch GET 200 https://registry.npmjs.org/d3-timer 154ms (cache miss)
609 silly packumentCache full:https://registry.npmjs.org/d3-timer set size:undefined disposed:false
610 silly fetch manifest d3-delaunay@6
611 silly packumentCache full:https://registry.npmjs.org/d3-delaunay cache-miss
612 http fetch GET 200 https://registry.npmjs.org/d3-random 136ms (cache miss)
613 silly packumentCache full:https://registry.npmjs.org/d3-random set size:undefined disposed:false
614 silly fetch manifest d3-dispatch@3
615 silly packumentCache full:https://registry.npmjs.org/d3-dispatch cache-miss
616 http fetch GET 200 https://registry.npmjs.org/d3-format 158ms (cache miss)
617 silly packumentCache full:https://registry.npmjs.org/d3-format set size:undefined disposed:false
618 silly fetch manifest d3-quadtree@3
619 silly packumentCache full:https://registry.npmjs.org/d3-quadtree cache-miss
620 http fetch GET 200 https://registry.npmjs.org/d3-contour 141ms (cache miss)
621 silly packumentCache full:https://registry.npmjs.org/d3-contour set size:undefined disposed:false
622 silly fetch manifest d3-hierarchy@3
623 silly packumentCache full:https://registry.npmjs.org/d3-hierarchy cache-miss
624 http fetch GET 200 https://registry.npmjs.org/d3-polygon 178ms (cache miss)
625 silly packumentCache full:https://registry.npmjs.org/d3-polygon set size:undefined disposed:false
626 silly fetch manifest d3-selection@3
627 silly packumentCache full:https://registry.npmjs.org/d3-selection cache-miss
628 http fetch GET 200 https://registry.npmjs.org/d3-shape 323ms (cache miss)
629 silly packumentCache full:https://registry.npmjs.org/d3-shape set size:undefined disposed:false
630 silly fetch manifest d3-transition@3
631 silly packumentCache full:https://registry.npmjs.org/d3-transition cache-miss
632 http cache https://registry.npmjs.org/d3-transition 97ms (cache hit)
633 silly packumentCache full:https://registry.npmjs.org/d3-transition set size:440595 disposed:false
634 silly fetch manifest d3-interpolate@3
635 silly packumentCache full:https://registry.npmjs.org/d3-interpolate cache-miss
636 http cache https://registry.npmjs.org/d3-selection 131ms (cache hit)
637 silly packumentCache full:https://registry.npmjs.org/d3-selection set size:436645 disposed:false
638 silly fetch manifest d3-time-format@4
639 silly packumentCache full:https://registry.npmjs.org/d3-time-format cache-miss
640 http fetch GET 200 https://registry.npmjs.org/d3-dispatch 323ms (cache miss)
641 silly packumentCache full:https://registry.npmjs.org/d3-dispatch set size:undefined disposed:false
642 silly fetch manifest d3-scale-chromatic@3
643 silly packumentCache full:https://registry.npmjs.org/d3-scale-chromatic cache-miss
644 http fetch GET 200 https://registry.npmjs.org/d3-quadtree 337ms (cache miss)
645 silly packumentCache full:https://registry.npmjs.org/d3-quadtree set size:undefined disposed:false
646 silly fetch manifest d3-array@1 - 2
647 silly packumentCache full:https://registry.npmjs.org/d3-array cache-miss
648 http fetch GET 200 https://registry.npmjs.org/d3-delaunay 369ms (cache miss)
649 silly packumentCache full:https://registry.npmjs.org/d3-delaunay set size:undefined disposed:false
650 silly fetch manifest d3-shape@^1.2.0
651 silly packumentCache full:https://registry.npmjs.org/d3-shape cache-miss
652 http cache https://registry.npmjs.org/d3-array 25ms (cache hit)
653 silly packumentCache full:https://registry.npmjs.org/d3-array set size:246308 disposed:false
654 silly fetch manifest lodash-es@^4.17.21
655 silly packumentCache full:https://registry.npmjs.org/lodash-es cache-miss
656 http fetch GET 200 https://registry.npmjs.org/d3-hierarchy 346ms (cache miss)
657 silly packumentCache full:https://registry.npmjs.org/d3-hierarchy set size:undefined disposed:false
658 silly fetch manifest @types/trusted-types@^2.0.7
659 silly packumentCache full:https://registry.npmjs.org/@types%2ftrusted-types cache-miss
660 http cache https://registry.npmjs.org/d3-shape 11ms (cache hit)
661 silly packumentCache full:https://registry.npmjs.org/d3-shape set size:275657 disposed:false
662 silly fetch manifest commander@^8.3.0
663 silly packumentCache full:https://registry.npmjs.org/commander cache-miss
664 http fetch GET 200 https://registry.npmjs.org/d3-interpolate 203ms (cache miss)
665 silly packumentCache full:https://registry.npmjs.org/d3-interpolate set size:undefined disposed:false
666 silly fetch manifest hachure-fill@^0.5.2
667 silly packumentCache full:https://registry.npmjs.org/hachure-fill cache-miss
668 http fetch GET 200 https://registry.npmjs.org/d3-time-format 159ms (cache miss)
669 silly packumentCache full:https://registry.npmjs.org/d3-time-format set size:undefined disposed:false
670 silly fetch manifest path-data-parser@^0.1.0
671 silly packumentCache full:https://registry.npmjs.org/path-data-parser cache-miss
672 http fetch GET 200 https://registry.npmjs.org/d3-scale-chromatic 157ms (cache miss)
673 silly packumentCache full:https://registry.npmjs.org/d3-scale-chromatic set size:undefined disposed:false
674 silly fetch manifest points-on-curve@^0.2.0
675 silly packumentCache full:https://registry.npmjs.org/points-on-curve cache-miss
676 http fetch GET 200 https://registry.npmjs.org/lodash-es 146ms (cache miss)
677 silly packumentCache full:https://registry.npmjs.org/lodash-es set size:undefined disposed:false
678 silly fetch manifest points-on-path@^0.2.1
679 silly packumentCache full:https://registry.npmjs.org/points-on-path cache-miss
680 http fetch GET 200 https://registry.npmjs.org/@types%2ftrusted-types 147ms (cache miss)
681 silly packumentCache full:https://registry.npmjs.org/@types%2ftrusted-types set size:undefined disposed:false
682 http fetch GET 200 https://registry.npmjs.org/hachure-fill 126ms (cache miss)
683 silly packumentCache full:https://registry.npmjs.org/hachure-fill set size:undefined disposed:false
684 http fetch GET 200 https://registry.npmjs.org/path-data-parser 123ms (cache miss)
685 silly packumentCache full:https://registry.npmjs.org/path-data-parser set size:undefined disposed:false
686 http fetch GET 200 https://registry.npmjs.org/commander 188ms (cache miss)
687 silly packumentCache full:https://registry.npmjs.org/commander set size:undefined disposed:false
688 http fetch GET 200 https://registry.npmjs.org/points-on-curve 128ms (cache miss)
689 silly packumentCache full:https://registry.npmjs.org/points-on-curve set size:undefined disposed:false
690 http fetch GET 200 https://registry.npmjs.org/points-on-path 128ms (cache miss)
691 silly packumentCache full:https://registry.npmjs.org/points-on-path set size:undefined disposed:false
692 http fetch GET 200 https://registry.npmjs.org/d3-scale 896ms (cache miss)
693 silly packumentCache full:https://registry.npmjs.org/d3-scale set size:undefined disposed:false
694 silly placeDep ROOT @antfu/install-pkg@1.1.0 OK for: @iconify/utils@3.1.4 want: ^1.1.0
695 silly placeDep ROOT @iconify/types@2.0.0 OK for: @iconify/utils@3.1.4 want: ^2.0.0
696 silly placeDep ROOT import-meta-resolve@4.2.0 OK for: @iconify/utils@3.1.4 want: ^4.2.0
697 silly fetch manifest package-manager-detector@^1.3.0
698 silly packumentCache full:https://registry.npmjs.org/package-manager-detector cache-miss
699 silly fetch manifest tinyexec@^1.0.1
700 silly packumentCache full:https://registry.npmjs.org/tinyexec cache-miss
701 http fetch GET 200 https://registry.npmjs.org/tinyexec 130ms (cache miss)
702 silly packumentCache full:https://registry.npmjs.org/tinyexec set size:undefined disposed:false
703 http fetch GET 200 https://registry.npmjs.org/package-manager-detector 132ms (cache miss)
704 silly packumentCache full:https://registry.npmjs.org/package-manager-detector set size:undefined disposed:false
705 silly placeDep ROOT package-manager-detector@1.7.0 OK for: @antfu/install-pkg@1.1.0 want: ^1.3.0
706 silly placeDep ROOT tinyexec@1.2.4 OK for: @antfu/install-pkg@1.1.0 want: ^1.0.1
707 silly placeDep ROOT @chevrotain/types@11.1.2 OK for: @mermaid-js/parser@1.2.0 want: ~11.1.2
708 silly placeDep ROOT @types/d3-array@3.2.2 OK for: @types/d3@7.4.3 want: *
709 silly placeDep ROOT @types/d3-axis@3.0.6 OK for: @types/d3@7.4.3 want: *
710 silly placeDep ROOT @types/d3-brush@3.0.6 OK for: @types/d3@7.4.3 want: *
711 silly placeDep ROOT @types/d3-chord@3.0.6 OK for: @types/d3@7.4.3 want: *
712 silly placeDep ROOT @types/d3-color@3.1.3 OK for: @types/d3@7.4.3 want: *
713 silly placeDep ROOT @types/d3-contour@3.0.6 OK for: @types/d3@7.4.3 want: *
714 silly placeDep ROOT @types/d3-delaunay@6.0.4 OK for: @types/d3@7.4.3 want: *
715 silly placeDep ROOT @types/d3-dispatch@3.0.7 OK for: @types/d3@7.4.3 want: *
716 silly placeDep ROOT @types/d3-drag@3.0.7 OK for: @types/d3@7.4.3 want: *
717 silly placeDep ROOT @types/d3-dsv@3.0.7 OK for: @types/d3@7.4.3 want: *
718 silly placeDep ROOT @types/d3-ease@3.0.2 OK for: @types/d3@7.4.3 want: *
719 silly placeDep ROOT @types/d3-fetch@3.0.7 OK for: @types/d3@7.4.3 want: *
720 silly placeDep ROOT @types/d3-force@3.0.10 OK for: @types/d3@7.4.3 want: *
721 silly placeDep ROOT @types/d3-format@3.0.4 OK for: @types/d3@7.4.3 want: *
722 silly placeDep ROOT @types/d3-geo@3.1.0 OK for: @types/d3@7.4.3 want: *
723 silly placeDep ROOT @types/d3-hierarchy@3.1.7 OK for: @types/d3@7.4.3 want: *
724 silly placeDep ROOT @types/d3-interpolate@3.0.4 OK for: @types/d3@7.4.3 want: *
725 silly placeDep ROOT @types/d3-path@3.1.1 OK for: @types/d3@7.4.3 want: *
726 silly placeDep ROOT @types/d3-polygon@3.0.2 OK for: @types/d3@7.4.3 want: *
727 silly placeDep ROOT @types/d3-quadtree@3.0.6 OK for: @types/d3@7.4.3 want: *
728 silly placeDep ROOT @types/d3-random@3.0.4 OK for: @types/d3@7.4.3 want: *
729 silly placeDep ROOT @types/d3-scale@4.0.9 OK for: @types/d3@7.4.3 want: *
730 silly placeDep ROOT @types/d3-scale-chromatic@3.1.0 OK for: @types/d3@7.4.3 want: *
731 silly placeDep ROOT @types/d3-selection@3.0.11 OK for: @types/d3@7.4.3 want: *
732 silly placeDep ROOT @types/d3-shape@3.1.8 OK for: @types/d3@7.4.3 want: *
733 silly placeDep ROOT @types/d3-time@3.0.4 OK for: @types/d3@7.4.3 want: *
734 silly placeDep ROOT @types/d3-time-format@4.0.3 OK for: @types/d3@7.4.3 want: *
735 silly placeDep ROOT @types/d3-timer@3.0.2 OK for: @types/d3@7.4.3 want: *
736 silly placeDep ROOT @types/d3-transition@3.0.9 OK for: @types/d3@7.4.3 want: *
737 silly placeDep ROOT @types/d3-zoom@3.0.8 OK for: @types/d3@7.4.3 want: *
738 silly fetch manifest @types/geojson@*
739 silly packumentCache full:https://registry.npmjs.org/@types%2fgeojson cache-miss
740 silly fetch manifest @types/geojson@*
741 silly packumentCache full:https://registry.npmjs.org/@types%2fgeojson cache-miss
742 http fetch GET 200 https://registry.npmjs.org/@types%2fgeojson 141ms (cache miss)
743 silly packumentCache full:https://registry.npmjs.org/@types%2fgeojson set size:undefined disposed:false
744 http fetch GET 200 https://registry.npmjs.org/@types%2fgeojson 145ms (cache miss)
745 silly packumentCache full:https://registry.npmjs.org/@types%2fgeojson set size:undefined disposed:false
746 silly placeDep ROOT @types/geojson@7946.0.16 OK for: @types/d3-contour@3.0.6 want: *
747 silly placeDep ROOT d3-selection@3.0.0 OK for: @upsetjs/venn.js@2.0.0 want: ^3.0.0
748 silly placeDep ROOT d3-transition@3.0.1 OK for: @upsetjs/venn.js@2.0.0 want: ^3.0.1
749 silly fetch manifest d3-color@1 - 3
750 silly packumentCache full:https://registry.npmjs.org/d3-color cache-miss
751 silly fetch manifest d3-dispatch@1 - 3
752 silly packumentCache full:https://registry.npmjs.org/d3-dispatch cache-miss
753 silly fetch manifest d3-ease@1 - 3
754 silly packumentCache full:https://registry.npmjs.org/d3-ease cache-miss
755 silly fetch manifest d3-interpolate@1 - 3
756 silly packumentCache full:https://registry.npmjs.org/d3-interpolate cache-miss
757 silly fetch manifest d3-timer@1 - 3
758 silly packumentCache full:https://registry.npmjs.org/d3-timer cache-miss
759 http cache https://registry.npmjs.org/d3-dispatch 3ms (cache hit)
760 silly packumentCache full:https://registry.npmjs.org/d3-dispatch set size:82955 disposed:false
761 http cache https://registry.npmjs.org/d3-interpolate 3ms (cache hit)
762 silly packumentCache full:https://registry.npmjs.org/d3-interpolate set size:162337 disposed:false
763 http cache https://registry.npmjs.org/d3-timer 4ms (cache hit)
764 silly packumentCache full:https://registry.npmjs.org/d3-timer set size:101516 disposed:false
765 http cache https://registry.npmjs.org/d3-color 9ms (cache hit)
766 silly packumentCache full:https://registry.npmjs.org/d3-color set size:142335 disposed:false
767 http cache https://registry.npmjs.org/d3-ease 9ms (cache hit)
768 silly packumentCache full:https://registry.npmjs.org/d3-ease set size:109490 disposed:false
769 silly placeDep ROOT cose-base@1.0.3 OK for: cytoscape-cose-bilkent@4.1.0 want: ^1.0.0
770 silly fetch manifest layout-base@^1.0.0
771 silly packumentCache full:https://registry.npmjs.org/layout-base cache-miss
772 http fetch GET 200 https://registry.npmjs.org/layout-base 130ms (cache miss)
773 silly packumentCache full:https://registry.npmjs.org/layout-base set size:undefined disposed:false
774 silly placeDep ROOT layout-base@1.0.2 OK for: cose-base@1.0.3 want: ^1.0.0
775 silly placeDep node_modules/cytoscape-fcose cose-base@2.2.0 OK for: cytoscape-fcose@2.2.0 want: ^2.2.0
776 silly fetch manifest layout-base@^2.0.0
777 silly packumentCache full:https://registry.npmjs.org/layout-base cache-miss
778 http cache https://registry.npmjs.org/layout-base 2ms (cache hit)
779 silly packumentCache full:https://registry.npmjs.org/layout-base set size:16403 disposed:false
780 silly placeDep ROOT d3-array@3.2.4 OK for: d3@7.9.0 want: 3
781 silly placeDep ROOT d3-axis@3.0.0 OK for: d3@7.9.0 want: 3
782 silly placeDep ROOT d3-brush@3.0.0 OK for: d3@7.9.0 want: 3
783 silly placeDep ROOT d3-chord@3.0.1 OK for: d3@7.9.0 want: 3
784 silly placeDep ROOT d3-color@3.1.0 OK for: d3@7.9.0 want: 3
785 silly placeDep ROOT d3-contour@4.0.2 OK for: d3@7.9.0 want: 4
786 silly placeDep ROOT d3-delaunay@6.0.4 OK for: d3@7.9.0 want: 6
787 silly placeDep ROOT d3-dispatch@3.0.1 OK for: d3@7.9.0 want: 3
788 silly placeDep ROOT d3-drag@3.0.0 OK for: d3@7.9.0 want: 3
789 silly placeDep ROOT d3-dsv@3.0.1 OK for: d3@7.9.0 want: 3
790 silly placeDep ROOT d3-ease@3.0.1 OK for: d3@7.9.0 want: 3
791 silly placeDep ROOT d3-fetch@3.0.1 OK for: d3@7.9.0 want: 3
792 silly placeDep ROOT d3-force@3.0.0 OK for: d3@7.9.0 want: 3
793 silly placeDep ROOT d3-format@3.1.2 OK for: d3@7.9.0 want: 3
794 silly placeDep ROOT d3-geo@3.1.1 OK for: d3@7.9.0 want: 3
795 silly placeDep ROOT d3-hierarchy@3.1.2 OK for: d3@7.9.0 want: 3
796 silly placeDep ROOT d3-interpolate@3.0.1 OK for: d3@7.9.0 want: 3
797 silly placeDep ROOT d3-path@3.1.0 OK for: d3@7.9.0 want: 3
798 silly placeDep ROOT d3-polygon@3.0.1 OK for: d3@7.9.0 want: 3
799 silly placeDep ROOT d3-quadtree@3.0.1 OK for: d3@7.9.0 want: 3
800 silly placeDep ROOT d3-random@3.0.1 OK for: d3@7.9.0 want: 3
801 silly placeDep ROOT d3-scale@4.0.2 OK for: d3@7.9.0 want: 4
802 silly placeDep ROOT d3-scale-chromatic@3.1.0 OK for: d3@7.9.0 want: 3
803 silly placeDep ROOT d3-shape@3.2.0 OK for: d3@7.9.0 want: 3
804 silly placeDep ROOT d3-time@3.1.0 OK for: d3@7.9.0 want: 3
805 silly placeDep ROOT d3-time-format@4.1.0 OK for: d3@7.9.0 want: 4
806 silly placeDep ROOT d3-timer@3.0.1 OK for: d3@7.9.0 want: 3
807 silly placeDep ROOT d3-zoom@3.0.0 OK for: d3@7.9.0 want: 3
808 silly fetch manifest internmap@1 - 2
809 silly packumentCache full:https://registry.npmjs.org/internmap cache-miss
810 silly fetch manifest d3-drag@2 - 3
811 silly packumentCache full:https://registry.npmjs.org/d3-drag cache-miss
812 silly fetch manifest d3-path@1 - 3
813 silly packumentCache full:https://registry.npmjs.org/d3-path cache-miss
814 silly fetch manifest delaunator@5
815 silly packumentCache full:https://registry.npmjs.org/delaunator cache-miss
816 silly fetch manifest commander@7
817 silly packumentCache full:https://registry.npmjs.org/commander cache-miss
818 silly fetch manifest iconv-lite@0.6
819 silly packumentCache full:https://registry.npmjs.org/iconv-lite cache-miss
820 silly fetch manifest rw@1
821 silly packumentCache full:https://registry.npmjs.org/rw cache-miss
822 http cache https://registry.npmjs.org/commander 5ms (cache hit)
823 silly packumentCache full:https://registry.npmjs.org/commander set size:353115 disposed:false
824 silly fetch manifest d3-quadtree@1 - 3
825 silly packumentCache full:https://registry.npmjs.org/d3-quadtree cache-miss
826 http cache https://registry.npmjs.org/d3-path 9ms (cache hit)
827 silly packumentCache full:https://registry.npmjs.org/d3-path set size:77883 disposed:false
828 silly fetch manifest d3-time@2.1.1 - 3
829 silly packumentCache full:https://registry.npmjs.org/d3-time cache-miss
830 http cache https://registry.npmjs.org/d3-drag 10ms (cache hit)
831 silly packumentCache full:https://registry.npmjs.org/d3-drag set size:116130 disposed:false
832 silly fetch manifest d3-time-format@2 - 4
833 silly packumentCache full:https://registry.npmjs.org/d3-time-format cache-miss
834 http cache https://registry.npmjs.org/d3-quadtree 4ms (cache hit)
835 silly packumentCache full:https://registry.npmjs.org/d3-quadtree set size:98011 disposed:false
836 http cache https://registry.npmjs.org/d3-time-format 3ms (cache hit)
837 silly packumentCache full:https://registry.npmjs.org/d3-time-format set size:124514 disposed:false
838 http cache https://registry.npmjs.org/d3-time 8ms (cache hit)
839 silly packumentCache full:https://registry.npmjs.org/d3-time set size:150406 disposed:false
840 http fetch GET 200 https://registry.npmjs.org/rw 116ms (cache miss)
841 silly packumentCache full:https://registry.npmjs.org/rw set size:undefined disposed:false
842 http fetch GET 200 https://registry.npmjs.org/internmap 117ms (cache miss)
843 silly packumentCache full:https://registry.npmjs.org/internmap set size:undefined disposed:false
844 http fetch GET 200 https://registry.npmjs.org/iconv-lite 125ms (cache miss)
845 silly packumentCache full:https://registry.npmjs.org/iconv-lite set size:undefined disposed:false
846 http fetch GET 200 https://registry.npmjs.org/delaunator 347ms (cache miss)
847 silly packumentCache full:https://registry.npmjs.org/delaunator set size:undefined disposed:false
848 silly placeDep ROOT internmap@2.0.3 OK for: d3-array@3.2.4 want: 1 - 2
849 silly placeDep ROOT delaunator@5.1.0 OK for: d3-delaunay@6.0.4 want: 5
850 silly fetch manifest robust-predicates@^3.0.2
851 silly packumentCache full:https://registry.npmjs.org/robust-predicates cache-miss
852 http fetch GET 200 https://registry.npmjs.org/robust-predicates 144ms (cache miss)
853 silly packumentCache full:https://registry.npmjs.org/robust-predicates set size:undefined disposed:false
854 silly placeDep ROOT commander@7.2.0 OK for: d3-dsv@3.0.1 want: 7
855 silly placeDep node_modules/d3-dsv iconv-lite@0.6.3 OK for: d3-dsv@3.0.1 want: 0.6
856 silly placeDep ROOT rw@1.3.3 OK for: d3-dsv@3.0.1 want: 1
857 silly placeDep node_modules/d3-sankey d3-array@2.12.1 OK for: d3-sankey@0.12.3 want: 1 - 2
858 silly placeDep node_modules/d3-sankey d3-shape@1.3.7 OK for: d3-sankey@0.12.3 want: ^1.2.0
859 silly fetch manifest internmap@^1.0.0
860 silly packumentCache full:https://registry.npmjs.org/internmap cache-miss
861 silly fetch manifest d3-path@1
862 silly packumentCache full:https://registry.npmjs.org/d3-path cache-hit
863 http cache https://registry.npmjs.org/internmap 12ms (cache hit)
864 silly packumentCache full:https://registry.npmjs.org/internmap set size:19637 disposed:false
865 silly placeDep ROOT lodash-es@4.18.1 OK for: dagre-d3-es@7.0.14 want: ^4.17.21
866 silly placeDep ROOT robust-predicates@3.0.3 OK for: delaunator@5.1.0 want: ^3.0.2
867 silly placeDep ROOT @types/trusted-types@2.0.7 OK for: dompurify@3.4.12 want: ^2.0.7
868 silly placeDep node_modules/katex commander@8.3.0 OK for: katex@0.16.47 want: ^8.3.0
869 silly placeDep ROOT entities@8.0.0 OK for: parse5@8.0.1 want: ^8.0.0
870 silly placeDep ROOT hachure-fill@0.5.2 OK for: roughjs@4.6.6 want: ^0.5.2
871 silly placeDep ROOT path-data-parser@0.1.0 OK for: roughjs@4.6.6 want: ^0.1.0
872 silly placeDep ROOT points-on-curve@0.2.0 OK for: roughjs@4.6.6 want: ^0.2.0
873 silly placeDep ROOT points-on-path@0.2.1 OK for: roughjs@4.6.6 want: ^0.2.1
874 silly placeDep ROOT xmlchars@2.2.0 OK for: saxes@6.0.0 want: ^2.2.0
875 silly placeDep ROOT tldts@7.4.8 OK for: tough-cookie@6.0.2 want: ^7.0.5
876 silly fetch manifest tldts-core@^7.4.8
877 silly packumentCache full:https://registry.npmjs.org/tldts-core cache-miss
878 http fetch GET 200 https://registry.npmjs.org/tldts-core 365ms (cache miss)
879 silly packumentCache full:https://registry.npmjs.org/tldts-core set size:undefined disposed:false
880 silly placeDep ROOT tldts-core@7.4.8 OK for: tldts@7.4.8 want: ^7.4.8
881 silly placeDep ROOT tr46@6.0.0 OK for: whatwg-url@16.0.1 want: ^6.0.0
882 silly fetch manifest punycode@^2.3.1
883 silly packumentCache full:https://registry.npmjs.org/punycode cache-miss
884 http fetch GET 200 https://registry.npmjs.org/punycode 122ms (cache miss)
885 silly packumentCache full:https://registry.npmjs.org/punycode set size:undefined disposed:false
886 silly placeDep ROOT punycode@2.3.1 OK for: tr46@6.0.0 want: ^2.3.1
887 silly placeDep node_modules/cytoscape-fcose layout-base@2.0.1 OK for: cose-base@2.2.0 want: ^2.0.0
888 silly placeDep node_modules/d3-sankey internmap@1.0.1 OK for: d3-array@2.12.1 want: ^1.0.0
889 silly placeDep node_modules/d3-sankey d3-path@1.0.9 OK for: d3-shape@1.3.7 want: 1
890 silly reify moves {}
891 silly audit bulk request {
891 silly audit   '@babel/code-frame': [ '7.29.7' ],
891 silly audit   '@babel/compat-data': [ '7.29.7' ],
891 silly audit   '@babel/core': [ '7.29.7' ],
891 silly audit   debug: [ '4.4.3', '2.6.9' ],
891 silly audit   '@babel/generator': [ '7.29.7' ],
891 silly audit   '@babel/helper-compilation-targets': [ '7.29.7' ],
891 silly audit   '@babel/helper-globals': [ '7.29.7' ],
891 silly audit   '@babel/helper-module-imports': [ '7.29.7' ],
891 silly audit   '@babel/helper-module-transforms': [ '7.29.7' ],
891 silly audit   '@babel/helper-plugin-utils': [ '7.29.7' ],
891 silly audit   '@babel/helper-string-parser': [ '7.29.7' ],
891 silly audit   '@babel/helper-validator-identifier': [ '7.29.7' ],
891 silly audit   '@babel/helper-validator-option': [ '7.29.7' ],
891 silly audit   '@babel/helpers': [ '7.29.7' ],
891 silly audit   '@babel/parser': [ '7.29.7' ],
891 silly audit   '@babel/plugin-transform-react-jsx-self': [ '7.29.7' ],
891 silly audit   '@babel/plugin-transform-react-jsx-source': [ '7.29.7' ],
891 silly audit   '@babel/template': [ '7.29.7' ],
891 silly audit   '@babel/traverse': [ '7.29.7' ],
891 silly audit   '@babel/types': [ '7.29.7' ],
891 silly audit   '@e965/xlsx': [ '0.20.3' ],
891 silly audit   '@esbuild/aix-ppc64': [ '0.25.12' ],
891 silly audit   '@esbuild/android-arm': [ '0.25.12' ],
891 silly audit   '@esbuild/android-arm64': [ '0.25.12' ],
891 silly audit   '@esbuild/android-x64': [ '0.25.12' ],
891 silly audit   '@esbuild/darwin-arm64': [ '0.25.12' ],
891 silly audit   '@esbuild/darwin-x64': [ '0.25.12' ],
891 silly audit   '@esbuild/freebsd-arm64': [ '0.25.12' ],
891 silly audit   '@esbuild/freebsd-x64': [ '0.25.12' ],
891 silly audit   '@esbuild/linux-arm': [ '0.25.12' ],
891 silly audit   '@esbuild/linux-arm64': [ '0.25.12' ],
891 silly audit   '@esbuild/linux-ia32': [ '0.25.12' ],
891 silly audit   '@esbuild/linux-loong64': [ '0.25.12' ],
891 silly audit   '@esbuild/linux-mips64el': [ '0.25.12' ],
891 silly audit   '@esbuild/linux-ppc64': [ '0.25.12' ],
891 silly audit   '@esbuild/linux-riscv64': [ '0.25.12' ],
891 silly audit   '@esbuild/linux-s390x': [ '0.25.12' ],
891 silly audit   '@esbuild/linux-x64': [ '0.25.12' ],
891 silly audit   '@esbuild/netbsd-arm64': [ '0.25.12' ],
891 silly audit   '@esbuild/netbsd-x64': [ '0.25.12' ],
891 silly audit   '@esbuild/openbsd-arm64': [ '0.25.12' ],
891 silly audit   '@esbuild/openbsd-x64': [ '0.25.12' ],
891 silly audit   '@esbuild/openharmony-arm64': [ '0.25.12' ],
891 silly audit   '@esbuild/sunos-x64': [ '0.25.12' ],
891 silly audit   '@esbuild/win32-arm64': [ '0.25.12' ],
891 silly audit   '@esbuild/win32-ia32': [ '0.25.12' ],
891 silly audit   '@esbuild/win32-x64': [ '0.25.12' ],
891 silly audit   '@jridgewell/gen-mapping': [ '0.3.13' ],
891 silly audit   '@jridgewell/remapping': [ '2.3.5' ],
891 silly audit   '@jridgewell/resolve-uri': [ '3.1.2' ],
891 silly audit   '@jridgewell/sourcemap-codec': [ '1.5.5' ],
891 silly audit   '@jridgewell/trace-mapping': [ '0.3.31' ],
891 silly audit   '@napi-rs/canvas': [ '0.1.80', '1.0.1' ],
891 silly audit   '@napi-rs/canvas-android-arm64': [ '0.1.80', '1.0.1' ],
891 silly audit   '@napi-rs/canvas-darwin-arm64': [ '0.1.80', '1.0.1' ],
891 silly audit   '@napi-rs/canvas-darwin-x64': [ '0.1.80', '1.0.1' ],
891 silly audit   '@napi-rs/canvas-linux-arm-gnueabihf': [ '0.1.80', '1.0.1' ],
891 silly audit   '@napi-rs/canvas-linux-arm64-gnu': [ '0.1.80', '1.0.1' ],
891 silly audit   '@napi-rs/canvas-linux-arm64-musl': [ '0.1.80', '1.0.1' ],
891 silly audit   '@napi-rs/canvas-linux-riscv64-gnu': [ '0.1.80', '1.0.1' ],
891 silly audit   '@napi-rs/canvas-linux-x64-gnu': [ '0.1.80', '1.0.1' ],
891 silly audit   '@napi-rs/canvas-linux-x64-musl': [ '0.1.80', '1.0.1' ],
891 silly audit   '@napi-rs/canvas-win32-arm64-msvc': [ '1.0.1' ],
891 silly audit   '@napi-rs/canvas-win32-x64-msvc': [ '0.1.80', '1.0.1' ],
891 silly audit   '@remix-run/router': [ '1.23.3' ],
891 silly audit   '@rolldown/pluginutils': [ '1.0.0-beta.27' ],
891 silly audit   '@rollup/rollup-android-arm-eabi': [ '4.62.2' ],
891 silly audit   '@rollup/rollup-android-arm64': [ '4.62.2' ],
891 silly audit   '@rollup/rollup-darwin-arm64': [ '4.62.2' ],
891 silly audit   '@rollup/rollup-darwin-x64': [ '4.62.2' ],
891 silly audit   '@rollup/rollup-freebsd-arm64': [ '4.62.2' ],
891 silly audit   '@rollup/rollup-freebsd-x64': [ '4.62.2' ],
891 silly audit   '@rollup/rollup-linux-arm-gnueabihf': [ '4.62.2' ],
891 silly audit   '@rollup/rollup-linux-arm-musleabihf': [ '4.62.2' ],
891 silly audit   '@rollup/rollup-linux-arm64-gnu': [ '4.62.2' ],
891 silly audit   '@rollup/rollup-linux-arm64-musl': [ '4.62.2' ],
891 silly audit   '@rollup/rollup-linux-loong64-gnu': [ '4.62.2' ],
891 silly audit   '@rollup/rollup-linux-loong64-musl': [ '4.62.2' ],
891 silly audit   '@rollup/rollup-linux-ppc64-gnu': [ '4.62.2' ],
891 silly audit   '@rollup/rollup-linux-ppc64-musl': [ '4.62.2' ],
891 silly audit   '@rollup/rollup-linux-riscv64-gnu': [ '4.62.2' ],
891 silly audit   '@rollup/rollup-linux-riscv64-musl': [ '4.62.2' ],
891 silly audit   '@rollup/rollup-linux-s390x-gnu': [ '4.62.2' ],
891 silly audit   '@rollup/rollup-linux-x64-gnu': [ '4.62.2' ],
891 silly audit   '@rollup/rollup-linux-x64-musl': [ '4.62.2' ],
891 silly audit   '@rollup/rollup-openbsd-x64': [ '4.62.2' ],
891 silly audit   '@rollup/rollup-openharmony-arm64': [ '4.62.2' ],
891 silly audit   '@rollup/rollup-win32-arm64-msvc': [ '4.62.2' ],
891 silly audit   '@rollup/rollup-win32-ia32-msvc': [ '4.62.2' ],
891 silly audit   '@rollup/rollup-win32-x64-gnu': [ '4.62.2' ],
891 silly audit   '@rollup/rollup-win32-x64-msvc': [ '4.62.2' ],
891 silly audit   '@types/babel__core': [ '7.20.5' ],
891 silly audit   '@types/babel__generator': [ '7.27.0' ],
891 silly audit   '@types/babel__template': [ '7.4.4' ],
891 silly audit   '@types/babel__traverse': [ '7.28.0' ],
891 silly audit   '@types/body-parser': [ '1.19.6' ],
891 silly audit   '@types/connect': [ '3.4.38' ],
891 silly audit   '@types/debug': [ '4.1.13' ],
891 silly audit   '@types/estree': [ '1.0.9' ],
891 silly audit   '@types/estree-jsx': [ '1.0.5' ],
891 silly audit   '@types/express': [ '5.0.6' ],
891 silly audit   '@types/express-serve-static-core': [ '5.1.1' ],
891 silly audit   '@types/hast': [ '3.0.4' ],
891 silly audit   '@types/http-errors': [ '2.0.5' ],
891 silly audit   '@types/mdast': [ '4.0.4' ],
891 silly audit   '@types/ms': [ '2.1.0' ],
891 silly audit   '@types/multer': [ '2.1.0' ],
891 silly audit   '@types/node': [ '26.0.0' ],
891 silly audit   '@types/prop-types': [ '15.7.15' ],
891 silly audit   '@types/qs': [ '6.15.1' ],
891 silly audit   '@types/range-parser': [ '1.2.7' ],
891 silly audit   '@types/react': [ '18.3.31' ],
891 silly audit   '@types/react-dom': [ '18.3.7' ],
891 silly audit   '@types/send': [ '1.2.1' ],
891 silly audit   '@types/serve-static': [ '2.2.0' ],
891 silly audit   '@types/unist': [ '3.0.3', '2.0.11' ],
891 silly audit   '@ungap/structured-clone': [ '1.3.2' ],
891 silly audit   '@vitejs/plugin-react': [ '4.7.0' ],
891 silly audit   '@xmldom/xmldom': [ '0.8.13' ],
891 silly audit   accepts: [ '1.3.8' ],
891 silly audit   'ansi-regex': [ '5.0.1' ],
891 silly audit   'ansi-styles': [ '4.3.0' ],
891 silly audit   'apexgantt-skill': [ '1.3.1' ],
891 silly audit   'append-field': [ '1.0.0' ],
891 silly audit   argparse: [ '1.0.10' ],
891 silly audit   'array-flatten': [ '1.1.1' ],
891 silly audit   bail: [ '2.0.2' ],
891 silly audit   'base64-js': [ '1.5.1' ],
891 silly audit   'baseline-browser-mapping': [ '2.10.38' ],
891 silly audit   bcryptjs: [ '2.4.3' ],
891 silly audit   bluebird: [ '3.4.7' ],
891 silly audit   'body-parser': [ '1.20.5' ],
891 silly audit   browserslist: [ '4.28.4' ],
891 silly audit   'buffer-equal-constant-time': [ '1.0.1' ],
891 silly audit   'buffer-from': [ '1.1.2' ],
891 silly audit   busboy: [ '1.6.0' ],
891 silly audit   bytes: [ '3.1.2' ],
891 silly audit   'call-bind-apply-helpers': [ '1.0.2' ],
891 silly audit   'call-bound': [ '1.0.4' ],
891 silly audit   'caniuse-lite': [ '1.0.30001799' ],
891 silly audit   ccount: [ '2.0.1' ],
891 silly audit   chalk: [ '4.1.2' ],
891 silly audit   'supports-color': [ '7.2.0', '8.1.1' ],
891 silly audit   'character-entities': [ '2.0.2' ],
891 silly audit   'character-entities-html4': [ '2.1.0' ],
891 silly audit   'character-entities-legacy': [ '3.0.0' ],
891 silly audit   'character-reference-invalid': [ '2.0.1' ],
891 silly audit   cliui: [ '8.0.1' ],
891 silly audit   clsx: [ '2.1.1' ],
891 silly audit   'color-convert': [ '2.0.1' ],
891 silly audit   'color-name': [ '1.1.4' ],
891 silly audit   'comma-separated-tokens': [ '2.0.3' ],
891 silly audit   'concat-stream': [ '2.0.0' ],
891 silly audit   concurrently: [ '9.2.3' ],
891 silly audit   'content-disposition': [ '0.5.4' ],
891 silly audit   'content-type': [ '1.0.5' ],
891 silly audit   'convert-source-map': [ '2.0.0' ],
891 silly audit   cookie: [ '0.7.2' ],
891 silly audit   'cookie-signature': [ '1.0.7' ],
891 silly audit   'core-util-is': [ '1.0.3' ],
891 silly audit   cors: [ '2.8.6' ],
891 silly audit   csstype: [ '3.2.3' ],
891 silly audit   'date-fns': [ '4.4.0' ],
891 silly audit   ms: [ '2.0.0', '2.1.3' ],
891 silly audit   'decode-named-character-reference': [ '1.3.0' ],
891 silly audit   depd: [ '2.0.0' ],
891 silly audit   dequal: [ '2.0.3' ],
891 silly audit   destroy: [ '1.2.0' ],
891 silly audit   devlop: [ '1.1.0' ],
891 silly audit   'dingbat-to-unicode': [ '1.0.1' ],
891 silly audit   dotenv: [ '16.6.1' ],
891 silly audit   duck: [ '0.1.12' ],
891 silly audit   'dunder-proto': [ '1.0.1' ],
891 silly audit   'ecdsa-sig-formatter': [ '1.0.11' ],
891 silly audit   'ee-first': [ '1.1.1' ],
891 silly audit   'electron-to-chromium': [ '1.5.377' ],
891 silly audit   elkjs: [ '0.11.1' ],
891 silly audit   'emoji-regex': [ '8.0.0' ],
891 silly audit   encodeurl: [ '2.0.0' ],
891 silly audit   'es-define-property': [ '1.0.1' ],
891 silly audit   'es-errors': [ '1.3.0' ],
891 silly audit   'es-object-atoms': [ '1.1.2' ],
891 silly audit   esbuild: [ '0.25.12' ],
891 silly audit   escalade: [ '3.2.0' ],
891 silly audit   'escape-html': [ '1.0.3' ],
891 silly audit   'escape-string-regexp': [ '5.0.0' ],
891 silly audit   'estree-util-is-identifier-name': [ '3.0.0' ],
891 silly audit   etag: [ '1.8.1' ],
891 silly audit   express: [ '4.22.2' ],
891 silly audit   'express-rate-limit': [ '8.5.2' ],
891 silly audit   extend: [ '3.0.2' ],
891 silly audit   fdir: [ '6.5.0' ],
891 silly audit   finalhandler: [ '1.3.2' ],
891 silly audit   forwarded: [ '0.2.0' ],
891 silly audit   fresh: [ '0.5.2' ],
891 silly audit   fsevents: [ '2.3.3' ],
891 silly audit   'function-bind': [ '1.1.2' ],
891 silly audit   gensync: [ '1.0.0-beta.2' ],
891 silly audit   'get-caller-file': [ '2.0.5' ],
891 silly audit   'get-intrinsic': [ '1.3.0' ],
891 silly audit   'get-proto': [ '1.0.1' ],
891 silly audit   goober: [ '2.1.19' ],
891 silly audit   gopd: [ '1.2.0' ],
891 silly audit   'has-flag': [ '4.0.0' ],
891 silly audit   'has-symbols': [ '1.1.0' ],
891 silly audit   hasown: [ '2.0.4' ],
891 silly audit   'hast-util-to-jsx-runtime': [ '2.3.6' ],
891 silly audit   'hast-util-whitespace': [ '3.0.0' ],
891 silly audit   helmet: [ '8.2.0' ],
891 silly audit   'html-url-attributes': [ '3.0.1' ],
891 silly audit   'http-errors': [ '2.0.1' ],
891 silly audit   'iconv-lite': [ '0.4.24', '0.6.3' ],
891 silly audit   immediate: [ '3.0.6' ],
891 silly audit   inherits: [ '2.0.4' ],
891 silly audit   'inline-style-parser': [ '0.2.7' ],
891 silly audit   'ip-address': [ '10.2.0' ],
891 silly audit   'ipaddr.js': [ '1.9.1' ],
891 silly audit   'is-alphabetical': [ '2.0.1' ],
891 silly audit   'is-alphanumerical': [ '2.0.1' ],
891 silly audit   'is-decimal': [ '2.0.1' ],
891 silly audit   'is-fullwidth-code-point': [ '3.0.0' ],
891 silly audit   'is-hexadecimal': [ '2.0.1' ],
891 silly audit   'is-plain-obj': [ '4.1.0' ],
891 silly audit   isarray: [ '1.0.0' ],
891 silly audit   'js-tokens': [ '4.0.0' ],
891 silly audit   jsesc: [ '3.1.0' ],
891 silly audit   json5: [ '2.2.3' ],
891 silly audit   jsonwebtoken: [ '9.0.3' ],
891 silly audit   semver: [ '7.8.5', '6.3.1' ],
891 silly audit   jszip: [ '3.10.1' ],
891 silly audit   'readable-stream': [ '2.3.8', '3.6.2' ],
891 silly audit   'safe-buffer': [ '5.1.2', '5.2.1' ],
891 silly audit   string_decoder: [ '1.1.1', '1.3.0' ],
891 silly audit   jwa: [ '2.0.1' ],
891 silly audit   jws: [ '4.0.1' ],
891 silly audit   lie: [ '3.3.0' ],
891 silly audit   'lodash.includes': [ '4.3.0' ],
891 silly audit   'lodash.isboolean': [ '3.0.3' ],
891 silly audit   'lodash.isinteger': [ '4.0.4' ],
891 silly audit   'lodash.isnumber': [ '3.0.3' ],
891 silly audit   'lodash.isplainobject': [ '4.0.6' ],
891 silly audit   'lodash.isstring': [ '4.0.1' ],
891 silly audit   'lodash.once': [ '4.1.1' ],
891 silly audit   'longest-streak': [ '3.1.0' ],
891 silly audit   'loose-envify': [ '1.4.0' ],
891 silly audit   lop: [ '0.4.2' ],
891 silly audit   'lru-cache': [ '5.1.1', '11.5.2' ],
891 silly audit   'lucide-react': [ '0.468.0' ],
891 silly audit   mammoth: [ '1.12.0' ],
891 silly audit   'markdown-table': [ '3.0.4' ],
891 silly audit   'math-intrinsics': [ '1.1.0' ],
891 silly audit   'mdast-util-find-and-replace': [ '3.0.2' ],
891 silly audit   'mdast-util-from-markdown': [ '2.0.3' ],
891 silly audit   'mdast-util-gfm': [ '3.1.0' ],
891 silly audit   'mdast-util-gfm-autolink-literal': [ '2.0.1' ],
891 silly audit   'mdast-util-gfm-footnote': [ '2.1.0' ],
891 silly audit   'mdast-util-gfm-strikethrough': [ '2.0.0' ],
891 silly audit   'mdast-util-gfm-table': [ '2.0.0' ],
891 silly audit   'mdast-util-gfm-task-list-item': [ '2.0.0' ],
891 silly audit   'mdast-util-mdx-expression': [ '2.0.1' ],
891 silly audit   'mdast-util-mdx-jsx': [ '3.2.0' ],
891 silly audit   'mdast-util-mdxjs-esm': [ '2.0.1' ],
891 silly audit   'mdast-util-phrasing': [ '4.1.0' ],
891 silly audit   'mdast-util-to-hast': [ '13.2.1' ],
891 silly audit   'mdast-util-to-markdown': [ '2.1.2' ],
891 silly audit   'mdast-util-to-string': [ '4.0.0' ],
891 silly audit   'media-typer': [ '0.3.0' ],
891 silly audit   'merge-descriptors': [ '1.0.3' ],
891 silly audit   methods: [ '1.1.2' ],
891 silly audit   micromark: [ '4.0.2' ],
891 silly audit   'micromark-core-commonmark': [ '2.0.3' ],
891 silly audit   'micromark-extension-gfm': [ '3.0.0' ],
891 silly audit   'micromark-extension-gfm-autolink-literal': [ '2.1.0' ],
891 silly audit   'micromark-extension-gfm-footnote': [ '2.1.0' ],
891 silly audit   'micromark-extension-gfm-strikethrough': [ '2.1.0' ],
891 silly audit   'micromark-extension-gfm-table': [ '2.1.1' ],
891 silly audit   'micromark-extension-gfm-tagfilter': [ '2.0.0' ],
891 silly audit   'micromark-extension-gfm-task-list-item': [ '2.1.0' ],
891 silly audit   'micromark-factory-destination': [ '2.0.1' ],
891 silly audit   'micromark-factory-label': [ '2.0.1' ],
891 silly audit   'micromark-factory-space': [ '2.0.1' ],
891 silly audit   'micromark-factory-title': [ '2.0.1' ],
891 silly audit   'micromark-factory-whitespace': [ '2.0.1' ],
891 silly audit   'micromark-util-character': [ '2.1.1' ],
891 silly audit   'micromark-util-chunked': [ '2.0.1' ],
891 silly audit   'micromark-util-classify-character': [ '2.0.1' ],
891 silly audit   'micromark-util-combine-extensions': [ '2.0.1' ],
891 silly audit   'micromark-util-decode-numeric-character-reference': [ '2.0.2' ],
891 silly audit   'micromark-util-decode-string': [ '2.0.1' ],
891 silly audit   'micromark-util-encode': [ '2.0.1' ],
891 silly audit   'micromark-util-html-tag-name': [ '2.0.1' ],
891 silly audit   'micromark-util-normalize-identifier': [ '2.0.1' ],
891 silly audit   'micromark-util-resolve-all': [ '2.0.1' ],
891 silly audit   'micromark-util-sanitize-uri': [ '2.0.1' ],
891 silly audit   'micromark-util-subtokenize': [ '2.1.0' ],
891 silly audit   'micromark-util-symbol': [ '2.0.1' ],
891 silly audit   'micromark-util-types': [ '2.0.2' ],
891 silly audit   mime: [ '1.6.0' ],
891 silly audit   'mime-db': [ '1.52.0' ],
891 silly audit   'mime-types': [ '2.1.35' ],
891 silly audit   multer: [ '2.2.0' ],
891 silly audit   nanoid: [ '3.3.15' ],
891 silly audit   negotiator: [ '0.6.3' ],
891 silly audit   'node-releases': [ '2.0.48' ],
891 silly audit   'object-assign': [ '4.1.1' ],
891 silly audit   'object-inspect': [ '1.13.4' ],
891 silly audit   'on-finished': [ '2.4.1' ],
891 silly audit   openai: [ '6.44.0' ],
891 silly audit   option: [ '0.2.4' ],
891 silly audit   pako: [ '1.0.11' ],
891 silly audit   'parse-entities': [ '4.0.2' ],
891 silly audit   parseurl: [ '1.3.3' ],
891 silly audit   'path-is-absolute': [ '1.0.1' ],
891 silly audit   'path-to-regexp': [ '0.1.13' ],
891 silly audit   'pdf-parse': [ '2.4.5' ],
891 silly audit   'pdfjs-dist': [ '5.4.296', '6.0.227' ],
891 silly audit   pg: [ '8.22.0' ],
891 silly audit   'pg-cloudflare': [ '1.4.0' ],
891 silly audit   'pg-connection-string': [ '2.14.0' ],
891 silly audit   'pg-int8': [ '1.0.1' ],
891 silly audit   'pg-pool': [ '3.14.0' ],
891 silly audit   'pg-protocol': [ '1.15.0' ],
891 silly audit   'pg-types': [ '2.2.0' ],
891 silly audit   pgpass: [ '1.0.5' ],
891 silly audit   picocolors: [ '1.1.1' ],
891 silly audit   picomatch: [ '4.0.4' ],
891 silly audit   postcss: [ '8.5.15' ],
891 silly audit   'postgres-array': [ '2.0.0' ],
891 silly audit   'postgres-bytea': [ '1.0.1' ],
891 silly audit   'postgres-date': [ '1.0.7' ],
891 silly audit   'postgres-interval': [ '1.2.0' ],
891 silly audit   'process-nextick-args': [ '2.0.1' ],
891 silly audit   'property-information': [ '7.2.0' ],
891 silly audit   'proxy-addr': [ '2.0.7' ],
891 silly audit   qs: [ '6.15.2' ],
891 silly audit   'range-parser': [ '1.2.1' ],
891 silly audit   'raw-body': [ '2.5.3' ],
891 silly audit   react: [ '18.3.1' ],
891 silly audit   'react-dom': [ '18.3.1' ],
891 silly audit   'react-hot-toast': [ '2.6.0' ],
891 silly audit   'react-markdown': [ '10.1.0' ],
891 silly audit   'react-refresh': [ '0.17.0' ],
891 silly audit   'react-router': [ '6.30.4' ],
891 silly audit   'react-router-dom': [ '6.30.4' ],
891 silly audit   'remark-gfm': [ '4.0.1' ],
891 silly audit   'remark-parse': [ '11.0.0' ],
891 silly audit   'remark-rehype': [ '11.1.2' ],
891 silly audit   'remark-stringify': [ '11.0.0' ],
891 silly audit   'require-directory': [ '2.1.1' ],
891 silly audit   rollup: [ '4.62.2' ],
891 silly audit   rxjs: [ '7.8.2' ],
891 silly audit   'safer-buffer': [ '2.1.2' ],
891 silly audit   scheduler: [ '0.23.2' ],
891 silly audit   send: [ '0.19.2' ],
891 silly audit   'serve-static': [ '1.16.3' ],
891 silly audit   setimmediate: [ '1.0.5' ],
891 silly audit   setprototypeof: [ '1.2.0' ],
891 silly audit   'shell-quote': [ '1.8.4' ],
891 silly audit   'side-channel': [ '1.1.1' ],
891 silly audit   'side-channel-list': [ '1.0.1' ],
891 silly audit   'side-channel-map': [ '1.0.1' ],
891 silly audit   'side-channel-weakmap': [ '1.0.2' ],
891 silly audit   'source-map-js': [ '1.2.1' ],
891 silly audit   'space-separated-tokens': [ '2.0.2' ],
891 silly audit   split2: [ '4.2.0' ],
891 silly audit   'sprintf-js': [ '1.0.3' ],
891 silly audit   statuses: [ '2.0.2' ],
891 silly audit   streamsearch: [ '1.1.0' ],
891 silly audit   'string-width': [ '4.2.3' ],
891 silly audit   'stringify-entities': [ '4.0.4' ],
891 silly audit   'strip-ansi': [ '6.0.1' ],
891 silly audit   'style-to-js': [ '1.1.21' ],
891 silly audit   'style-to-object': [ '1.0.14' ],
891 silly audit   tinyglobby: [ '0.2.17' ],
891 silly audit   toidentifier: [ '1.0.1' ],
891 silly audit   'tree-kill': [ '1.2.2' ],
891 silly audit   'trim-lines': [ '3.0.1' ],
891 silly audit   trough: [ '2.2.0' ],
891 silly audit   tslib: [ '2.8.1' ],
891 silly audit   'type-is': [ '1.6.18' ],
891 silly audit   typedarray: [ '0.0.6' ],
891 silly audit   typescript: [ '5.6.3' ],
891 silly audit   underscore: [ '1.13.8' ],
891 silly audit   'undici-types': [ '8.3.0' ],
891 silly audit   unified: [ '11.0.5' ],
891 silly audit   'unist-util-is': [ '6.0.1' ],
891 silly audit   'unist-util-position': [ '5.0.0' ],
891 silly audit   'unist-util-stringify-position': [ '4.0.0' ],
891 silly audit   'unist-util-visit': [ '5.1.0' ],
891 silly audit   'unist-util-visit-parents': [ '6.0.2' ],
891 silly audit   unpipe: [ '1.0.0' ],
891 silly audit   'update-browserslist-db': [ '1.2.3' ],
891 silly audit   'util-deprecate': [ '1.0.2' ],
891 silly audit   'utils-merge': [ '1.0.1' ],
891 silly audit   vary: [ '1.1.2' ],
891 silly audit   vfile: [ '6.0.3' ],
891 silly audit   'vfile-message': [ '4.0.3' ],
891 silly audit   vite: [ '6.4.3' ],
891 silly audit   'wrap-ansi': [ '7.0.0' ],
891 silly audit   xmlbuilder: [ '10.1.1' ],
891 silly audit   xtend: [ '4.0.2' ],
891 silly audit   y18n: [ '5.0.8' ],
891 silly audit   yallist: [ '3.1.1' ],
891 silly audit   yargs: [ '17.7.2' ],
891 silly audit   'yargs-parser': [ '21.1.1' ],
891 silly audit   zod: [ '4.4.3' ],
891 silly audit   zwitch: [ '2.0.4' ],
891 silly audit   '@resvg/resvg-js': [ '2.6.2' ],
891 silly audit   jsdom: [ '29.1.1' ],
891 silly audit   mermaid: [ '11.16.0' ],
891 silly audit   '@resvg/resvg-js-android-arm-eabi': [ '2.6.2' ],
891 silly audit   '@resvg/resvg-js-android-arm64': [ '2.6.2' ],
891 silly audit   '@resvg/resvg-js-darwin-arm64': [ '2.6.2' ],
891 silly audit   '@resvg/resvg-js-darwin-x64': [ '2.6.2' ],
891 silly audit   '@resvg/resvg-js-linux-arm-gnueabihf': [ '2.6.2' ],
891 silly audit   '@resvg/resvg-js-linux-arm64-gnu': [ '2.6.2' ],
891 silly audit   '@resvg/resvg-js-linux-arm64-musl': [ '2.6.2' ],
891 silly audit   '@resvg/resvg-js-linux-x64-gnu': [ '2.6.2' ],
891 silly audit   '@resvg/resvg-js-linux-x64-musl': [ '2.6.2' ],
891 silly audit   '@resvg/resvg-js-win32-arm64-msvc': [ '2.6.2' ],
891 silly audit   '@resvg/resvg-js-win32-ia32-msvc': [ '2.6.2' ],
891 silly audit   '@resvg/resvg-js-win32-x64-msvc': [ '2.6.2' ],
891 silly audit   '@asamuzakjp/css-color': [ '5.1.11' ],
891 silly audit   '@asamuzakjp/dom-selector': [ '7.1.1' ],
891 silly audit   '@bramus/specificity': [ '2.4.2' ],
891 silly audit   '@csstools/css-syntax-patches-for-csstree': [ '1.1.6' ],
891 silly audit   '@exodus/bytes': [ '1.15.1' ],
891 silly audit   'css-tree': [ '3.2.1' ],
891 silly audit   'data-urls': [ '7.0.0' ],
891 silly audit   'decimal.js': [ '10.6.0' ],
891 silly audit   'html-encoding-sniffer': [ '6.0.0' ],
891 silly audit   'is-potential-custom-element-name': [ '1.0.1' ],
891 silly audit   parse5: [ '8.0.1' ],
891 silly audit   saxes: [ '6.0.0' ],
891 silly audit   'symbol-tree': [ '3.2.4' ],
891 silly audit   'tough-cookie': [ '6.0.2' ],
891 silly audit   undici: [ '7.28.0' ],
891 silly audit   'w3c-xmlserializer': [ '5.0.0' ],
891 silly audit   'webidl-conversions': [ '8.0.1' ],
891 silly audit   'whatwg-mimetype': [ '5.0.0' ],
891 silly audit   'whatwg-url': [ '16.0.1' ],
891 silly audit   'xml-name-validator': [ '5.0.0' ],
891 silly audit   '@asamuzakjp/generational-cache': [ '1.0.1' ],
891 silly audit   '@csstools/css-calc': [ '3.2.1' ],
891 silly audit   '@csstools/css-parser-algorithms': [ '4.0.0' ],
891 silly audit   '@csstools/css-tokenizer': [ '4.0.0' ],
891 silly audit   '@csstools/css-color-parser': [ '4.1.9' ],
891 silly audit   '@asamuzakjp/nwsapi': [ '2.3.9' ],
891 silly audit   'bidi-js': [ '1.0.3' ],
891 silly audit   '@csstools/color-helpers': [ '6.1.0' ],
891 silly audit   'require-from-string': [ '2.0.2' ],
891 silly audit   'mdn-data': [ '2.27.1' ],
891 silly audit   '@braintree/sanitize-url': [ '7.1.2' ],
891 silly audit   '@iconify/utils': [ '3.1.4' ],
891 silly audit   '@mermaid-js/parser': [ '1.2.0' ],
891 silly audit   '@types/d3': [ '7.4.3' ],
891 silly audit   '@upsetjs/venn.js': [ '2.0.0' ],
891 silly audit   cytoscape: [ '3.34.0' ],
891 silly audit   'cytoscape-cose-bilkent': [ '4.1.0' ],
891 silly audit   'cytoscape-fcose': [ '2.2.0' ],
891 silly audit   d3: [ '7.9.0' ],
891 silly audit   'd3-sankey': [ '0.12.3' ],
891 silly audit   'dagre-d3-es': [ '7.0.14' ],
891 silly audit   dayjs: [ '1.11.21' ],
891 silly audit   dompurify: [ '3.4.12' ],
891 silly audit   'es-toolkit': [ '1.49.0' ],
891 silly audit   katex: [ '0.16.47' ],
891 silly audit   khroma: [ '2.1.0' ],
891 silly audit   marked: [ '16.4.2' ],
891 silly audit   roughjs: [ '4.6.6' ],
891 silly audit   stylis: [ '4.4.0' ],
891 silly audit   'ts-dedent': [ '2.3.0' ],
891 silly audit   uuid: [ '14.0.1' ],
891 silly audit   '@antfu/install-pkg': [ '1.1.0' ],
891 silly audit   '@iconify/types': [ '2.0.0' ],
891 silly audit   'import-meta-resolve': [ '4.2.0' ],
891 silly audit   'package-manager-detector': [ '1.7.0' ],
891 silly audit   tinyexec: [ '1.2.4' ],
891 silly audit   '@chevrotain/types': [ '11.1.2' ],
891 silly audit   '@types/d3-array': [ '3.2.2' ],
891 silly audit   '@types/d3-axis': [ '3.0.6' ],
891 silly audit   '@types/d3-brush': [ '3.0.6' ],
891 silly audit   '@types/d3-chord': [ '3.0.6' ],
891 silly audit   '@types/d3-color': [ '3.1.3' ],
891 silly audit   '@types/d3-contour': [ '3.0.6' ],
891 silly audit   '@types/d3-delaunay': [ '6.0.4' ],
891 silly audit   '@types/d3-dispatch': [ '3.0.7' ],
891 silly audit   '@types/d3-drag': [ '3.0.7' ],
891 silly audit   '@types/d3-dsv': [ '3.0.7' ],
891 silly audit   '@types/d3-ease': [ '3.0.2' ],
891 silly audit   '@types/d3-fetch': [ '3.0.7' ],
891 silly audit   '@types/d3-force': [ '3.0.10' ],
891 silly audit   '@types/d3-format': [ '3.0.4' ],
891 silly audit   '@types/d3-geo': [ '3.1.0' ],
891 silly audit   '@types/d3-hierarchy': [ '3.1.7' ],
891 silly audit   '@types/d3-interpolate': [ '3.0.4' ],
891 silly audit   '@types/d3-path': [ '3.1.1' ],
891 silly audit   '@types/d3-polygon': [ '3.0.2' ],
891 silly audit   '@types/d3-quadtree': [ '3.0.6' ],
891 silly audit   '@types/d3-random': [ '3.0.4' ],
891 silly audit   '@types/d3-scale': [ '4.0.9' ],
891 silly audit   '@types/d3-scale-chromatic': [ '3.1.0' ],
891 silly audit   '@types/d3-selection': [ '3.0.11' ],
891 silly audit   '@types/d3-shape': [ '3.1.8' ],
891 silly audit   '@types/d3-time': [ '3.0.4' ],
891 silly audit   '@types/d3-time-format': [ '4.0.3' ],
891 silly audit   '@types/d3-timer': [ '3.0.2' ],
891 silly audit   '@types/d3-transition': [ '3.0.9' ],
891 silly audit   '@types/d3-zoom': [ '3.0.8' ],
891 silly audit   '@types/geojson': [ '7946.0.16' ],
891 silly audit   'd3-selection': [ '3.0.0' ],
891 silly audit   'd3-transition': [ '3.0.1' ],
891 silly audit   'cose-base': [ '1.0.3', '2.2.0' ],
891 silly audit   'layout-base': [ '1.0.2', '2.0.1' ],
891 silly audit   'd3-array': [ '3.2.4', '2.12.1' ],
891 silly audit   'd3-axis': [ '3.0.0' ],
891 silly audit   'd3-brush': [ '3.0.0' ],
891 silly audit   'd3-chord': [ '3.0.1' ],
891 silly audit   'd3-color': [ '3.1.0' ],
891 silly audit   'd3-contour': [ '4.0.2' ],
891 silly audit   'd3-delaunay': [ '6.0.4' ],
891 silly audit   'd3-dispatch': [ '3.0.1' ],
891 silly audit   'd3-drag': [ '3.0.0' ],
891 silly audit   'd3-dsv': [ '3.0.1' ],
891 silly audit   'd3-ease': [ '3.0.1' ],
891 silly audit   'd3-fetch': [ '3.0.1' ],
891 silly audit   'd3-force': [ '3.0.0' ],
891 silly audit   'd3-format': [ '3.1.2' ],
891 silly audit   'd3-geo': [ '3.1.1' ],
891 silly audit   'd3-hierarchy': [ '3.1.2' ],
891 silly audit   'd3-interpolate': [ '3.0.1' ],
891 silly audit   'd3-path': [ '3.1.0', '1.0.9' ],
891 silly audit   'd3-polygon': [ '3.0.1' ],
891 silly audit   'd3-quadtree': [ '3.0.1' ],
891 silly audit   'd3-random': [ '3.0.1' ],
891 silly audit   'd3-scale': [ '4.0.2' ],
891 silly audit   'd3-scale-chromatic': [ '3.1.0' ],
891 silly audit   'd3-shape': [ '3.2.0', '1.3.7' ],
891 silly audit   'd3-time': [ '3.1.0' ],
891 silly audit   'd3-time-format': [ '4.1.0' ],
891 silly audit   'd3-timer': [ '3.0.1' ],
891 silly audit   'd3-zoom': [ '3.0.0' ],
891 silly audit   internmap: [ '2.0.3', '1.0.1' ],
891 silly audit   delaunator: [ '5.1.0' ],
891 silly audit   commander: [ '7.2.0', '8.3.0' ],
891 silly audit   rw: [ '1.3.3' ],
891 silly audit   'lodash-es': [ '4.18.1' ],
891 silly audit   'robust-predicates': [ '3.0.3' ],
891 silly audit   '@types/trusted-types': [ '2.0.7' ],
891 silly audit   entities: [ '8.0.0' ],
891 silly audit   'hachure-fill': [ '0.5.2' ],
891 silly audit   'path-data-parser': [ '0.1.0' ],
891 silly audit   'points-on-curve': [ '0.2.0' ],
891 silly audit   'points-on-path': [ '0.2.1' ],
891 silly audit   xmlchars: [ '2.2.0' ],
891 silly audit   tldts: [ '7.4.8' ],
891 silly audit   'tldts-core': [ '7.4.8' ],
891 silly audit   tr46: [ '6.0.0' ],
891 silly audit   punycode: [ '2.3.1' ]
891 silly audit }
892 http cache punycode@https://registry.npmjs.org/punycode/-/punycode-2.3.1.tgz 0ms (cache hit)
893 http cache tr46@https://registry.npmjs.org/tr46/-/tr46-6.0.0.tgz 0ms (cache hit)
894 http cache tldts-core@https://registry.npmjs.org/tldts-core/-/tldts-core-7.4.8.tgz 0ms (cache hit)
895 http cache tldts@https://registry.npmjs.org/tldts/-/tldts-7.4.8.tgz 0ms (cache hit)
896 http cache xmlchars@https://registry.npmjs.org/xmlchars/-/xmlchars-2.2.0.tgz 0ms (cache hit)
897 http cache points-on-path@https://registry.npmjs.org/points-on-path/-/points-on-path-0.2.1.tgz 0ms (cache hit)
898 http cache points-on-curve@https://registry.npmjs.org/points-on-curve/-/points-on-curve-0.2.0.tgz 0ms (cache hit)
899 http cache path-data-parser@https://registry.npmjs.org/path-data-parser/-/path-data-parser-0.1.0.tgz 0ms (cache hit)
900 http cache hachure-fill@https://registry.npmjs.org/hachure-fill/-/hachure-fill-0.5.2.tgz 0ms (cache hit)
901 http cache entities@https://registry.npmjs.org/entities/-/entities-8.0.0.tgz 0ms (cache hit)
902 http cache @types/trusted-types@https://registry.npmjs.org/@types/trusted-types/-/trusted-types-2.0.7.tgz 0ms (cache hit)
903 http cache robust-predicates@https://registry.npmjs.org/robust-predicates/-/robust-predicates-3.0.3.tgz 0ms (cache hit)
904 http cache lodash-es@https://registry.npmjs.org/lodash-es/-/lodash-es-4.18.1.tgz 0ms (cache hit)
905 http cache rw@https://registry.npmjs.org/rw/-/rw-1.3.3.tgz 0ms (cache hit)
906 http cache commander@https://registry.npmjs.org/commander/-/commander-7.2.0.tgz 0ms (cache hit)
907 http cache delaunator@https://registry.npmjs.org/delaunator/-/delaunator-5.1.0.tgz 0ms (cache hit)
908 http cache internmap@https://registry.npmjs.org/internmap/-/internmap-2.0.3.tgz 0ms (cache hit)
909 http cache d3-zoom@https://registry.npmjs.org/d3-zoom/-/d3-zoom-3.0.0.tgz 0ms (cache hit)
910 http cache d3-timer@https://registry.npmjs.org/d3-timer/-/d3-timer-3.0.1.tgz 0ms (cache hit)
911 http cache d3-time-format@https://registry.npmjs.org/d3-time-format/-/d3-time-format-4.1.0.tgz 0ms (cache hit)
912 http cache d3-time@https://registry.npmjs.org/d3-time/-/d3-time-3.1.0.tgz 0ms (cache hit)
913 http cache d3-shape@https://registry.npmjs.org/d3-shape/-/d3-shape-3.2.0.tgz 0ms (cache hit)
914 http cache d3-scale-chromatic@https://registry.npmjs.org/d3-scale-chromatic/-/d3-scale-chromatic-3.1.0.tgz 0ms (cache hit)
915 http cache d3-random@https://registry.npmjs.org/d3-random/-/d3-random-3.0.1.tgz 0ms (cache hit)
916 http cache d3-scale@https://registry.npmjs.org/d3-scale/-/d3-scale-4.0.2.tgz 0ms (cache hit)
917 http cache d3-quadtree@https://registry.npmjs.org/d3-quadtree/-/d3-quadtree-3.0.1.tgz 0ms (cache hit)
918 http cache d3-path@https://registry.npmjs.org/d3-path/-/d3-path-3.1.0.tgz 0ms (cache hit)
919 http cache d3-interpolate@https://registry.npmjs.org/d3-interpolate/-/d3-interpolate-3.0.1.tgz 0ms (cache hit)
920 http cache d3-hierarchy@https://registry.npmjs.org/d3-hierarchy/-/d3-hierarchy-3.1.2.tgz 0ms (cache hit)
921 http cache d3-geo@https://registry.npmjs.org/d3-geo/-/d3-geo-3.1.1.tgz 0ms (cache hit)
922 http cache d3-polygon@https://registry.npmjs.org/d3-polygon/-/d3-polygon-3.0.1.tgz 0ms (cache hit)
923 http cache d3-format@https://registry.npmjs.org/d3-format/-/d3-format-3.1.2.tgz 0ms (cache hit)
924 http cache d3-force@https://registry.npmjs.org/d3-force/-/d3-force-3.0.0.tgz 0ms (cache hit)
925 http cache d3-fetch@https://registry.npmjs.org/d3-fetch/-/d3-fetch-3.0.1.tgz 0ms (cache hit)
926 http cache d3-ease@https://registry.npmjs.org/d3-ease/-/d3-ease-3.0.1.tgz 0ms (cache hit)
927 http cache d3-dsv@https://registry.npmjs.org/d3-dsv/-/d3-dsv-3.0.1.tgz 0ms (cache hit)
928 http cache d3-drag@https://registry.npmjs.org/d3-drag/-/d3-drag-3.0.0.tgz 0ms (cache hit)
929 http cache d3-dispatch@https://registry.npmjs.org/d3-dispatch/-/d3-dispatch-3.0.1.tgz 0ms (cache hit)
930 http cache d3-contour@https://registry.npmjs.org/d3-contour/-/d3-contour-4.0.2.tgz 0ms (cache hit)
931 http cache d3-color@https://registry.npmjs.org/d3-color/-/d3-color-3.1.0.tgz 0ms (cache hit)
932 http cache d3-chord@https://registry.npmjs.org/d3-chord/-/d3-chord-3.0.1.tgz 0ms (cache hit)
933 http cache d3-brush@https://registry.npmjs.org/d3-brush/-/d3-brush-3.0.0.tgz 0ms (cache hit)
934 http cache d3-axis@https://registry.npmjs.org/d3-axis/-/d3-axis-3.0.0.tgz 0ms (cache hit)
935 http cache d3-array@https://registry.npmjs.org/d3-array/-/d3-array-3.2.4.tgz 0ms (cache hit)
936 http cache layout-base@https://registry.npmjs.org/layout-base/-/layout-base-1.0.2.tgz 0ms (cache hit)
937 http cache cose-base@https://registry.npmjs.org/cose-base/-/cose-base-1.0.3.tgz 0ms (cache hit)
938 http cache d3-transition@https://registry.npmjs.org/d3-transition/-/d3-transition-3.0.1.tgz 0ms (cache hit)
939 http cache d3-selection@https://registry.npmjs.org/d3-selection/-/d3-selection-3.0.0.tgz 0ms (cache hit)
940 http cache @types/d3-zoom@https://registry.npmjs.org/@types/d3-zoom/-/d3-zoom-3.0.8.tgz 0ms (cache hit)
941 http cache @types/d3-transition@https://registry.npmjs.org/@types/d3-transition/-/d3-transition-3.0.9.tgz 0ms (cache hit)
942 http cache @types/d3-timer@https://registry.npmjs.org/@types/d3-timer/-/d3-timer-3.0.2.tgz 0ms (cache hit)
943 http cache d3-delaunay@https://registry.npmjs.org/d3-delaunay/-/d3-delaunay-6.0.4.tgz 0ms (cache hit)
944 http cache @types/d3-time-format@https://registry.npmjs.org/@types/d3-time-format/-/d3-time-format-4.0.3.tgz 0ms (cache hit)
945 http cache @types/d3-time@https://registry.npmjs.org/@types/d3-time/-/d3-time-3.0.4.tgz 0ms (cache hit)
946 http cache @types/d3-selection@https://registry.npmjs.org/@types/d3-selection/-/d3-selection-3.0.11.tgz 0ms (cache hit)
947 http cache @types/d3-scale-chromatic@https://registry.npmjs.org/@types/d3-scale-chromatic/-/d3-scale-chromatic-3.1.0.tgz 0ms (cache hit)
948 http cache @types/d3-scale@https://registry.npmjs.org/@types/d3-scale/-/d3-scale-4.0.9.tgz 0ms (cache hit)
949 http cache @types/d3-random@https://registry.npmjs.org/@types/d3-random/-/d3-random-3.0.4.tgz 0ms (cache hit)
950 http cache @types/d3-quadtree@https://registry.npmjs.org/@types/d3-quadtree/-/d3-quadtree-3.0.6.tgz 0ms (cache hit)
951 http cache @types/d3-polygon@https://registry.npmjs.org/@types/d3-polygon/-/d3-polygon-3.0.2.tgz 0ms (cache hit)
952 http cache @types/d3-path@https://registry.npmjs.org/@types/d3-path/-/d3-path-3.1.1.tgz 0ms (cache hit)
953 http cache @types/d3-interpolate@https://registry.npmjs.org/@types/d3-interpolate/-/d3-interpolate-3.0.4.tgz 0ms (cache hit)
954 http cache @types/d3-hierarchy@https://registry.npmjs.org/@types/d3-hierarchy/-/d3-hierarchy-3.1.7.tgz 0ms (cache hit)
955 http cache @types/d3-format@https://registry.npmjs.org/@types/d3-format/-/d3-format-3.0.4.tgz 0ms (cache hit)
956 http cache @types/d3-geo@https://registry.npmjs.org/@types/d3-geo/-/d3-geo-3.1.0.tgz 0ms (cache hit)
957 http cache @types/d3-force@https://registry.npmjs.org/@types/d3-force/-/d3-force-3.0.10.tgz 0ms (cache hit)
958 http cache @types/d3-fetch@https://registry.npmjs.org/@types/d3-fetch/-/d3-fetch-3.0.7.tgz 0ms (cache hit)
959 http cache @types/d3-ease@https://registry.npmjs.org/@types/d3-ease/-/d3-ease-3.0.2.tgz 0ms (cache hit)
960 http cache @types/d3-dsv@https://registry.npmjs.org/@types/d3-dsv/-/d3-dsv-3.0.7.tgz 0ms (cache hit)
961 http cache @types/d3-drag@https://registry.npmjs.org/@types/d3-drag/-/d3-drag-3.0.7.tgz 0ms (cache hit)
962 http cache @types/d3-dispatch@https://registry.npmjs.org/@types/d3-dispatch/-/d3-dispatch-3.0.7.tgz 0ms (cache hit)
963 http cache @types/d3-delaunay@https://registry.npmjs.org/@types/d3-delaunay/-/d3-delaunay-6.0.4.tgz 0ms (cache hit)
964 http cache @types/d3-contour@https://registry.npmjs.org/@types/d3-contour/-/d3-contour-3.0.6.tgz 0ms (cache hit)
965 http cache @types/d3-color@https://registry.npmjs.org/@types/d3-color/-/d3-color-3.1.3.tgz 0ms (cache hit)
966 http cache @types/d3-chord@https://registry.npmjs.org/@types/d3-chord/-/d3-chord-3.0.6.tgz 0ms (cache hit)
967 http cache @types/d3-brush@https://registry.npmjs.org/@types/d3-brush/-/d3-brush-3.0.6.tgz 0ms (cache hit)
968 http cache @types/d3-axis@https://registry.npmjs.org/@types/d3-axis/-/d3-axis-3.0.6.tgz 0ms (cache hit)
969 http cache @types/d3-array@https://registry.npmjs.org/@types/d3-array/-/d3-array-3.2.2.tgz 0ms (cache hit)
970 http cache @chevrotain/types@https://registry.npmjs.org/@chevrotain/types/-/types-11.1.2.tgz 0ms (cache hit)
971 http cache @types/d3-shape@https://registry.npmjs.org/@types/d3-shape/-/d3-shape-3.1.8.tgz 0ms (cache hit)
972 http cache tinyexec@https://registry.npmjs.org/tinyexec/-/tinyexec-1.2.4.tgz 0ms (cache hit)
973 http cache @types/geojson@https://registry.npmjs.org/@types/geojson/-/geojson-7946.0.16.tgz 0ms (cache hit)
974 http cache package-manager-detector@https://registry.npmjs.org/package-manager-detector/-/package-manager-detector-1.7.0.tgz 0ms (cache hit)
975 http cache @iconify/types@https://registry.npmjs.org/@iconify/types/-/types-2.0.0.tgz 0ms (cache hit)
976 http cache uuid@https://registry.npmjs.org/uuid/-/uuid-14.0.1.tgz 0ms (cache hit)
977 http cache @antfu/install-pkg@https://registry.npmjs.org/@antfu/install-pkg/-/install-pkg-1.1.0.tgz 0ms (cache hit)
978 http cache ts-dedent@https://registry.npmjs.org/ts-dedent/-/ts-dedent-2.3.0.tgz 0ms (cache hit)
979 http cache stylis@https://registry.npmjs.org/stylis/-/stylis-4.4.0.tgz 0ms (cache hit)
980 http cache roughjs@https://registry.npmjs.org/roughjs/-/roughjs-4.6.6.tgz 0ms (cache hit)
981 http cache marked@https://registry.npmjs.org/marked/-/marked-16.4.2.tgz 0ms (cache hit)
982 http cache khroma@https://registry.npmjs.org/khroma/-/khroma-2.1.0.tgz 0ms (cache hit)
983 http cache import-meta-resolve@https://registry.npmjs.org/import-meta-resolve/-/import-meta-resolve-4.2.0.tgz 0ms (cache hit)
984 http cache katex@https://registry.npmjs.org/katex/-/katex-0.16.47.tgz 0ms (cache hit)
985 http cache es-toolkit@https://registry.npmjs.org/es-toolkit/-/es-toolkit-1.49.0.tgz 0ms (cache hit)
986 http cache dompurify@https://registry.npmjs.org/dompurify/-/dompurify-3.4.12.tgz 0ms (cache hit)
987 http cache dagre-d3-es@https://registry.npmjs.org/dagre-d3-es/-/dagre-d3-es-7.0.14.tgz 0ms (cache hit)
988 http cache dayjs@https://registry.npmjs.org/dayjs/-/dayjs-1.11.21.tgz 0ms (cache hit)
989 http cache d3@https://registry.npmjs.org/d3/-/d3-7.9.0.tgz 0ms (cache hit)
990 http cache cytoscape-cose-bilkent@https://registry.npmjs.org/cytoscape-cose-bilkent/-/cytoscape-cose-bilkent-4.1.0.tgz 0ms (cache hit)
991 http cache cytoscape-fcose@https://registry.npmjs.org/cytoscape-fcose/-/cytoscape-fcose-2.2.0.tgz 0ms (cache hit)
992 http cache cytoscape@https://registry.npmjs.org/cytoscape/-/cytoscape-3.34.0.tgz 0ms (cache hit)
993 http cache @upsetjs/venn.js@https://registry.npmjs.org/@upsetjs/venn.js/-/venn.js-2.0.0.tgz 0ms (cache hit)
994 http cache @types/d3@https://registry.npmjs.org/@types/d3/-/d3-7.4.3.tgz 0ms (cache hit)
995 http cache @mermaid-js/parser@https://registry.npmjs.org/@mermaid-js/parser/-/parser-1.2.0.tgz 0ms (cache hit)
996 http cache @iconify/utils@https://registry.npmjs.org/@iconify/utils/-/utils-3.1.4.tgz 0ms (cache hit)
997 http cache @braintree/sanitize-url@https://registry.npmjs.org/@braintree/sanitize-url/-/sanitize-url-7.1.2.tgz 0ms (cache hit)
998 http cache mdn-data@https://registry.npmjs.org/mdn-data/-/mdn-data-2.27.1.tgz 0ms (cache hit)
999 http cache require-from-string@https://registry.npmjs.org/require-from-string/-/require-from-string-2.0.2.tgz 0ms (cache hit)
1000 http cache @csstools/color-helpers@https://registry.npmjs.org/@csstools/color-helpers/-/color-helpers-6.1.0.tgz 0ms (cache hit)
1001 http cache bidi-js@https://registry.npmjs.org/bidi-js/-/bidi-js-1.0.3.tgz 0ms (cache hit)
1002 http cache @asamuzakjp/nwsapi@https://registry.npmjs.org/@asamuzakjp/nwsapi/-/nwsapi-2.3.9.tgz 0ms (cache hit)
1003 http cache @csstools/css-color-parser@https://registry.npmjs.org/@csstools/css-color-parser/-/css-color-parser-4.1.9.tgz 0ms (cache hit)
1004 http cache @csstools/css-tokenizer@https://registry.npmjs.org/@csstools/css-tokenizer/-/css-tokenizer-4.0.0.tgz 0ms (cache hit)
1005 http cache d3-sankey@https://registry.npmjs.org/d3-sankey/-/d3-sankey-0.12.3.tgz 0ms (cache hit)
1006 http cache @csstools/css-calc@https://registry.npmjs.org/@csstools/css-calc/-/css-calc-3.2.1.tgz 0ms (cache hit)
1007 http cache @asamuzakjp/generational-cache@https://registry.npmjs.org/@asamuzakjp/generational-cache/-/generational-cache-1.0.1.tgz 0ms (cache hit)
1008 http cache whatwg-url@https://registry.npmjs.org/whatwg-url/-/whatwg-url-16.0.1.tgz 0ms (cache hit)
1009 http cache whatwg-mimetype@https://registry.npmjs.org/whatwg-mimetype/-/whatwg-mimetype-5.0.0.tgz 0ms (cache hit)
1010 http cache webidl-conversions@https://registry.npmjs.org/webidl-conversions/-/webidl-conversions-8.0.1.tgz 0ms (cache hit)
1011 http cache xml-name-validator@https://registry.npmjs.org/xml-name-validator/-/xml-name-validator-5.0.0.tgz 0ms (cache hit)
1012 http cache w3c-xmlserializer@https://registry.npmjs.org/w3c-xmlserializer/-/w3c-xmlserializer-5.0.0.tgz 0ms (cache hit)
1013 http cache undici@https://registry.npmjs.org/undici/-/undici-7.28.0.tgz 0ms (cache hit)
1014 http cache symbol-tree@https://registry.npmjs.org/symbol-tree/-/symbol-tree-3.2.4.tgz 0ms (cache hit)
1015 http cache @csstools/css-parser-algorithms@https://registry.npmjs.org/@csstools/css-parser-algorithms/-/css-parser-algorithms-4.0.0.tgz 0ms (cache hit)
1016 http cache saxes@https://registry.npmjs.org/saxes/-/saxes-6.0.0.tgz 0ms (cache hit)
1017 http cache parse5@https://registry.npmjs.org/parse5/-/parse5-8.0.1.tgz 0ms (cache hit)
1018 http cache is-potential-custom-element-name@https://registry.npmjs.org/is-potential-custom-element-name/-/is-potential-custom-element-name-1.0.1.tgz 0ms (cache hit)
1019 http cache html-encoding-sniffer@https://registry.npmjs.org/html-encoding-sniffer/-/html-encoding-sniffer-6.0.0.tgz 0ms (cache hit)
1020 http cache decimal.js@https://registry.npmjs.org/decimal.js/-/decimal.js-10.6.0.tgz 0ms (cache hit)
1021 http cache data-urls@https://registry.npmjs.org/data-urls/-/data-urls-7.0.0.tgz 0ms (cache hit)
1022 http cache @exodus/bytes@https://registry.npmjs.org/@exodus/bytes/-/bytes-1.15.1.tgz 0ms (cache hit)
1023 http cache css-tree@https://registry.npmjs.org/css-tree/-/css-tree-3.2.1.tgz 0ms (cache hit)
1024 http cache @csstools/css-syntax-patches-for-csstree@https://registry.npmjs.org/@csstools/css-syntax-patches-for-csstree/-/css-syntax-patches-for-csstree-1.1.6.tgz 0ms (cache hit)
1025 http cache @bramus/specificity@https://registry.npmjs.org/@bramus/specificity/-/specificity-2.4.2.tgz 0ms (cache hit)
1026 http cache tough-cookie@https://registry.npmjs.org/tough-cookie/-/tough-cookie-6.0.2.tgz 0ms (cache hit)
1027 http cache @asamuzakjp/dom-selector@https://registry.npmjs.org/@asamuzakjp/dom-selector/-/dom-selector-7.1.1.tgz 0ms (cache hit)
1028 http cache @asamuzakjp/css-color@https://registry.npmjs.org/@asamuzakjp/css-color/-/css-color-5.1.11.tgz 0ms (cache hit)
1029 http cache mermaid@https://registry.npmjs.org/mermaid/-/mermaid-11.16.0.tgz 0ms (cache hit)
1030 http cache jsdom@https://registry.npmjs.org/jsdom/-/jsdom-29.1.1.tgz 0ms (cache hit)
1031 http cache @resvg/resvg-js-darwin-arm64@https://registry.npmjs.org/@resvg/resvg-js-darwin-arm64/-/resvg-js-darwin-arm64-2.6.2.tgz 0ms (cache hit)
1032 http cache @resvg/resvg-js@https://registry.npmjs.org/@resvg/resvg-js/-/resvg-js-2.6.2.tgz 0ms (cache hit)
1033 http cache iconv-lite@https://registry.npmjs.org/iconv-lite/-/iconv-lite-0.6.3.tgz 0ms (cache hit)
1034 http cache internmap@https://registry.npmjs.org/internmap/-/internmap-1.0.1.tgz 0ms (cache hit)
1035 http cache d3-path@https://registry.npmjs.org/d3-path/-/d3-path-1.0.9.tgz 0ms (cache hit)
1036 http cache d3-shape@https://registry.npmjs.org/d3-shape/-/d3-shape-1.3.7.tgz 0ms (cache hit)
1037 http cache d3-array@https://registry.npmjs.org/d3-array/-/d3-array-2.12.1.tgz 0ms (cache hit)
1038 http cache commander@https://registry.npmjs.org/commander/-/commander-8.3.0.tgz 0ms (cache hit)
1039 http cache cose-base@https://registry.npmjs.org/cose-base/-/cose-base-2.2.0.tgz 0ms (cache hit)
1040 http cache layout-base@https://registry.npmjs.org/layout-base/-/layout-base-2.0.1.tgz 0ms (cache hit)
1041 http cache lru-cache@https://registry.npmjs.org/lru-cache/-/lru-cache-11.5.2.tgz 0ms (cache hit)
1042 silly tarball no local data for punycode@https://registry.npmjs.org/punycode/-/punycode-2.3.1.tgz. Extracting by manifest.
1043 silly tarball no local data for tr46@https://registry.npmjs.org/tr46/-/tr46-6.0.0.tgz. Extracting by manifest.
1044 silly tarball no local data for tldts-core@https://registry.npmjs.org/tldts-core/-/tldts-core-7.4.8.tgz. Extracting by manifest.
1045 silly tarball no local data for tldts@https://registry.npmjs.org/tldts/-/tldts-7.4.8.tgz. Extracting by manifest.
1046 silly tarball no local data for xmlchars@https://registry.npmjs.org/xmlchars/-/xmlchars-2.2.0.tgz. Extracting by manifest.
1047 silly tarball no local data for points-on-path@https://registry.npmjs.org/points-on-path/-/points-on-path-0.2.1.tgz. Extracting by manifest.
1048 silly tarball no local data for points-on-curve@https://registry.npmjs.org/points-on-curve/-/points-on-curve-0.2.0.tgz. Extracting by manifest.
1049 silly tarball no local data for path-data-parser@https://registry.npmjs.org/path-data-parser/-/path-data-parser-0.1.0.tgz. Extracting by manifest.
1050 silly tarball no local data for hachure-fill@https://registry.npmjs.org/hachure-fill/-/hachure-fill-0.5.2.tgz. Extracting by manifest.
1051 silly tarball no local data for entities@https://registry.npmjs.org/entities/-/entities-8.0.0.tgz. Extracting by manifest.
1052 silly tarball no local data for @types/trusted-types@https://registry.npmjs.org/@types/trusted-types/-/trusted-types-2.0.7.tgz. Extracting by manifest.
1053 silly tarball no local data for robust-predicates@https://registry.npmjs.org/robust-predicates/-/robust-predicates-3.0.3.tgz. Extracting by manifest.
1054 silly tarball no local data for lodash-es@https://registry.npmjs.org/lodash-es/-/lodash-es-4.18.1.tgz. Extracting by manifest.
1055 silly tarball no local data for rw@https://registry.npmjs.org/rw/-/rw-1.3.3.tgz. Extracting by manifest.
1056 silly tarball no local data for commander@https://registry.npmjs.org/commander/-/commander-7.2.0.tgz. Extracting by manifest.
1057 silly tarball no local data for delaunator@https://registry.npmjs.org/delaunator/-/delaunator-5.1.0.tgz. Extracting by manifest.
1058 silly tarball no local data for internmap@https://registry.npmjs.org/internmap/-/internmap-2.0.3.tgz. Extracting by manifest.
1059 silly tarball no local data for d3-zoom@https://registry.npmjs.org/d3-zoom/-/d3-zoom-3.0.0.tgz. Extracting by manifest.
1060 silly tarball no local data for d3-timer@https://registry.npmjs.org/d3-timer/-/d3-timer-3.0.1.tgz. Extracting by manifest.
1061 silly tarball no local data for d3-time-format@https://registry.npmjs.org/d3-time-format/-/d3-time-format-4.1.0.tgz. Extracting by manifest.
1062 silly tarball no local data for d3-time@https://registry.npmjs.org/d3-time/-/d3-time-3.1.0.tgz. Extracting by manifest.
1063 silly tarball no local data for d3-shape@https://registry.npmjs.org/d3-shape/-/d3-shape-3.2.0.tgz. Extracting by manifest.
1064 silly tarball no local data for d3-scale-chromatic@https://registry.npmjs.org/d3-scale-chromatic/-/d3-scale-chromatic-3.1.0.tgz. Extracting by manifest.
1065 silly tarball no local data for d3-scale@https://registry.npmjs.org/d3-scale/-/d3-scale-4.0.2.tgz. Extracting by manifest.
1066 silly tarball no local data for d3-path@https://registry.npmjs.org/d3-path/-/d3-path-3.1.0.tgz. Extracting by manifest.
1067 silly tarball no local data for d3-interpolate@https://registry.npmjs.org/d3-interpolate/-/d3-interpolate-3.0.1.tgz. Extracting by manifest.
1068 silly tarball no local data for d3-quadtree@https://registry.npmjs.org/d3-quadtree/-/d3-quadtree-3.0.1.tgz. Extracting by manifest.
1069 silly tarball no local data for d3-random@https://registry.npmjs.org/d3-random/-/d3-random-3.0.1.tgz. Extracting by manifest.
1070 silly tarball no local data for d3-hierarchy@https://registry.npmjs.org/d3-hierarchy/-/d3-hierarchy-3.1.2.tgz. Extracting by manifest.
1071 silly tarball no local data for d3-polygon@https://registry.npmjs.org/d3-polygon/-/d3-polygon-3.0.1.tgz. Extracting by manifest.
1072 silly tarball no local data for d3-format@https://registry.npmjs.org/d3-format/-/d3-format-3.1.2.tgz. Extracting by manifest.
1073 silly tarball no local data for d3-geo@https://registry.npmjs.org/d3-geo/-/d3-geo-3.1.1.tgz. Extracting by manifest.
1074 silly tarball no local data for d3-force@https://registry.npmjs.org/d3-force/-/d3-force-3.0.0.tgz. Extracting by manifest.
1075 silly tarball no local data for d3-fetch@https://registry.npmjs.org/d3-fetch/-/d3-fetch-3.0.1.tgz. Extracting by manifest.
1076 silly tarball no local data for d3-dsv@https://registry.npmjs.org/d3-dsv/-/d3-dsv-3.0.1.tgz. Extracting by manifest.
1077 silly tarball no local data for d3-drag@https://registry.npmjs.org/d3-drag/-/d3-drag-3.0.0.tgz. Extracting by manifest.
1078 silly tarball no local data for d3-ease@https://registry.npmjs.org/d3-ease/-/d3-ease-3.0.1.tgz. Extracting by manifest.
1079 silly tarball no local data for d3-dispatch@https://registry.npmjs.org/d3-dispatch/-/d3-dispatch-3.0.1.tgz. Extracting by manifest.
1080 silly tarball no local data for d3-contour@https://registry.npmjs.org/d3-contour/-/d3-contour-4.0.2.tgz. Extracting by manifest.
1081 silly tarball no local data for d3-color@https://registry.npmjs.org/d3-color/-/d3-color-3.1.0.tgz. Extracting by manifest.
1082 silly tarball no local data for d3-chord@https://registry.npmjs.org/d3-chord/-/d3-chord-3.0.1.tgz. Extracting by manifest.
1083 silly tarball no local data for d3-brush@https://registry.npmjs.org/d3-brush/-/d3-brush-3.0.0.tgz. Extracting by manifest.
1084 silly tarball no local data for d3-axis@https://registry.npmjs.org/d3-axis/-/d3-axis-3.0.0.tgz. Extracting by manifest.
1085 silly tarball no local data for cose-base@https://registry.npmjs.org/cose-base/-/cose-base-1.0.3.tgz. Extracting by manifest.
1086 silly tarball no local data for d3-array@https://registry.npmjs.org/d3-array/-/d3-array-3.2.4.tgz. Extracting by manifest.
1087 silly tarball no local data for layout-base@https://registry.npmjs.org/layout-base/-/layout-base-1.0.2.tgz. Extracting by manifest.
1088 silly tarball no local data for d3-transition@https://registry.npmjs.org/d3-transition/-/d3-transition-3.0.1.tgz. Extracting by manifest.
1089 silly tarball no local data for @types/d3-zoom@https://registry.npmjs.org/@types/d3-zoom/-/d3-zoom-3.0.8.tgz. Extracting by manifest.
1090 silly tarball no local data for @types/d3-transition@https://registry.npmjs.org/@types/d3-transition/-/d3-transition-3.0.9.tgz. Extracting by manifest.
1091 silly tarball no local data for d3-selection@https://registry.npmjs.org/d3-selection/-/d3-selection-3.0.0.tgz. Extracting by manifest.
1092 silly tarball no local data for @types/d3-timer@https://registry.npmjs.org/@types/d3-timer/-/d3-timer-3.0.2.tgz. Extracting by manifest.
1093 silly tarball no local data for d3-delaunay@https://registry.npmjs.org/d3-delaunay/-/d3-delaunay-6.0.4.tgz. Extracting by manifest.
1094 silly tarball no local data for @types/d3-time-format@https://registry.npmjs.org/@types/d3-time-format/-/d3-time-format-4.0.3.tgz. Extracting by manifest.
1095 silly tarball no local data for @types/d3-time@https://registry.npmjs.org/@types/d3-time/-/d3-time-3.0.4.tgz. Extracting by manifest.
1096 silly tarball no local data for @types/d3-selection@https://registry.npmjs.org/@types/d3-selection/-/d3-selection-3.0.11.tgz. Extracting by manifest.
1097 silly tarball no local data for @types/d3-scale-chromatic@https://registry.npmjs.org/@types/d3-scale-chromatic/-/d3-scale-chromatic-3.1.0.tgz. Extracting by manifest.
1098 silly tarball no local data for @types/d3-scale@https://registry.npmjs.org/@types/d3-scale/-/d3-scale-4.0.9.tgz. Extracting by manifest.
1099 silly tarball no local data for @types/d3-random@https://registry.npmjs.org/@types/d3-random/-/d3-random-3.0.4.tgz. Extracting by manifest.
1100 silly tarball no local data for @types/d3-quadtree@https://registry.npmjs.org/@types/d3-quadtree/-/d3-quadtree-3.0.6.tgz. Extracting by manifest.
1101 silly tarball no local data for @types/d3-polygon@https://registry.npmjs.org/@types/d3-polygon/-/d3-polygon-3.0.2.tgz. Extracting by manifest.
1102 silly tarball no local data for @types/d3-path@https://registry.npmjs.org/@types/d3-path/-/d3-path-3.1.1.tgz. Extracting by manifest.
1103 silly tarball no local data for @types/d3-interpolate@https://registry.npmjs.org/@types/d3-interpolate/-/d3-interpolate-3.0.4.tgz. Extracting by manifest.
1104 silly tarball no local data for @types/d3-hierarchy@https://registry.npmjs.org/@types/d3-hierarchy/-/d3-hierarchy-3.1.7.tgz. Extracting by manifest.
1105 silly tarball no local data for @types/d3-format@https://registry.npmjs.org/@types/d3-format/-/d3-format-3.0.4.tgz. Extracting by manifest.
1106 silly tarball no local data for @types/d3-geo@https://registry.npmjs.org/@types/d3-geo/-/d3-geo-3.1.0.tgz. Extracting by manifest.
1107 silly tarball no local data for @types/d3-fetch@https://registry.npmjs.org/@types/d3-fetch/-/d3-fetch-3.0.7.tgz. Extracting by manifest.
1108 silly tarball no local data for @types/d3-ease@https://registry.npmjs.org/@types/d3-ease/-/d3-ease-3.0.2.tgz. Extracting by manifest.
1109 silly tarball no local data for @types/d3-dsv@https://registry.npmjs.org/@types/d3-dsv/-/d3-dsv-3.0.7.tgz. Extracting by manifest.
1110 silly tarball no local data for @types/d3-drag@https://registry.npmjs.org/@types/d3-drag/-/d3-drag-3.0.7.tgz. Extracting by manifest.
1111 silly tarball no local data for @types/d3-dispatch@https://registry.npmjs.org/@types/d3-dispatch/-/d3-dispatch-3.0.7.tgz. Extracting by manifest.
1112 silly tarball no local data for @types/d3-force@https://registry.npmjs.org/@types/d3-force/-/d3-force-3.0.10.tgz. Extracting by manifest.
1113 silly tarball no local data for @types/d3-delaunay@https://registry.npmjs.org/@types/d3-delaunay/-/d3-delaunay-6.0.4.tgz. Extracting by manifest.
1114 silly tarball no local data for @types/d3-contour@https://registry.npmjs.org/@types/d3-contour/-/d3-contour-3.0.6.tgz. Extracting by manifest.
1115 silly tarball no local data for @types/d3-color@https://registry.npmjs.org/@types/d3-color/-/d3-color-3.1.3.tgz. Extracting by manifest.
1116 silly tarball no local data for @types/d3-chord@https://registry.npmjs.org/@types/d3-chord/-/d3-chord-3.0.6.tgz. Extracting by manifest.
1117 silly tarball no local data for @types/d3-brush@https://registry.npmjs.org/@types/d3-brush/-/d3-brush-3.0.6.tgz. Extracting by manifest.
1118 silly tarball no local data for @types/d3-axis@https://registry.npmjs.org/@types/d3-axis/-/d3-axis-3.0.6.tgz. Extracting by manifest.
1119 silly tarball no local data for @types/d3-array@https://registry.npmjs.org/@types/d3-array/-/d3-array-3.2.2.tgz. Extracting by manifest.
1120 silly tarball no local data for @chevrotain/types@https://registry.npmjs.org/@chevrotain/types/-/types-11.1.2.tgz. Extracting by manifest.
1121 silly tarball no local data for @types/d3-shape@https://registry.npmjs.org/@types/d3-shape/-/d3-shape-3.1.8.tgz. Extracting by manifest.
1122 silly tarball no local data for tinyexec@https://registry.npmjs.org/tinyexec/-/tinyexec-1.2.4.tgz. Extracting by manifest.
1123 silly tarball no local data for @types/geojson@https://registry.npmjs.org/@types/geojson/-/geojson-7946.0.16.tgz. Extracting by manifest.
1124 silly tarball no local data for package-manager-detector@https://registry.npmjs.org/package-manager-detector/-/package-manager-detector-1.7.0.tgz. Extracting by manifest.
1125 silly tarball no local data for @iconify/types@https://registry.npmjs.org/@iconify/types/-/types-2.0.0.tgz. Extracting by manifest.
1126 silly tarball no local data for uuid@https://registry.npmjs.org/uuid/-/uuid-14.0.1.tgz. Extracting by manifest.
1127 silly tarball no local data for @antfu/install-pkg@https://registry.npmjs.org/@antfu/install-pkg/-/install-pkg-1.1.0.tgz. Extracting by manifest.
1128 silly tarball no local data for ts-dedent@https://registry.npmjs.org/ts-dedent/-/ts-dedent-2.3.0.tgz. Extracting by manifest.
1129 silly tarball no local data for stylis@https://registry.npmjs.org/stylis/-/stylis-4.4.0.tgz. Extracting by manifest.
1130 silly tarball no local data for roughjs@https://registry.npmjs.org/roughjs/-/roughjs-4.6.6.tgz. Extracting by manifest.
1131 silly tarball no local data for marked@https://registry.npmjs.org/marked/-/marked-16.4.2.tgz. Extracting by manifest.
1132 silly tarball no local data for import-meta-resolve@https://registry.npmjs.org/import-meta-resolve/-/import-meta-resolve-4.2.0.tgz. Extracting by manifest.
1133 silly tarball no local data for khroma@https://registry.npmjs.org/khroma/-/khroma-2.1.0.tgz. Extracting by manifest.
1134 silly tarball no local data for es-toolkit@https://registry.npmjs.org/es-toolkit/-/es-toolkit-1.49.0.tgz. Extracting by manifest.
1135 silly tarball no local data for katex@https://registry.npmjs.org/katex/-/katex-0.16.47.tgz. Extracting by manifest.
1136 silly tarball no local data for dagre-d3-es@https://registry.npmjs.org/dagre-d3-es/-/dagre-d3-es-7.0.14.tgz. Extracting by manifest.
1137 silly tarball no local data for dompurify@https://registry.npmjs.org/dompurify/-/dompurify-3.4.12.tgz. Extracting by manifest.
1138 silly tarball no local data for d3@https://registry.npmjs.org/d3/-/d3-7.9.0.tgz. Extracting by manifest.
1139 silly tarball no local data for cytoscape-cose-bilkent@https://registry.npmjs.org/cytoscape-cose-bilkent/-/cytoscape-cose-bilkent-4.1.0.tgz. Extracting by manifest.
1140 silly tarball no local data for dayjs@https://registry.npmjs.org/dayjs/-/dayjs-1.11.21.tgz. Extracting by manifest.
1141 silly tarball no local data for cytoscape-fcose@https://registry.npmjs.org/cytoscape-fcose/-/cytoscape-fcose-2.2.0.tgz. Extracting by manifest.
1142 silly tarball no local data for cytoscape@https://registry.npmjs.org/cytoscape/-/cytoscape-3.34.0.tgz. Extracting by manifest.
1143 silly tarball no local data for @upsetjs/venn.js@https://registry.npmjs.org/@upsetjs/venn.js/-/venn.js-2.0.0.tgz. Extracting by manifest.
1144 silly tarball no local data for @types/d3@https://registry.npmjs.org/@types/d3/-/d3-7.4.3.tgz. Extracting by manifest.
1145 silly tarball no local data for @mermaid-js/parser@https://registry.npmjs.org/@mermaid-js/parser/-/parser-1.2.0.tgz. Extracting by manifest.
1146 silly tarball no local data for @iconify/utils@https://registry.npmjs.org/@iconify/utils/-/utils-3.1.4.tgz. Extracting by manifest.
1147 silly tarball no local data for @braintree/sanitize-url@https://registry.npmjs.org/@braintree/sanitize-url/-/sanitize-url-7.1.2.tgz. Extracting by manifest.
1148 silly tarball no local data for mdn-data@https://registry.npmjs.org/mdn-data/-/mdn-data-2.27.1.tgz. Extracting by manifest.
1149 silly tarball no local data for @csstools/color-helpers@https://registry.npmjs.org/@csstools/color-helpers/-/color-helpers-6.1.0.tgz. Extracting by manifest.
1150 silly tarball no local data for bidi-js@https://registry.npmjs.org/bidi-js/-/bidi-js-1.0.3.tgz. Extracting by manifest.
1151 silly tarball no local data for require-from-string@https://registry.npmjs.org/require-from-string/-/require-from-string-2.0.2.tgz. Extracting by manifest.
1152 silly tarball no local data for @asamuzakjp/nwsapi@https://registry.npmjs.org/@asamuzakjp/nwsapi/-/nwsapi-2.3.9.tgz. Extracting by manifest.
1153 silly tarball no local data for @csstools/css-color-parser@https://registry.npmjs.org/@csstools/css-color-parser/-/css-color-parser-4.1.9.tgz. Extracting by manifest.
1154 silly tarball no local data for d3-sankey@https://registry.npmjs.org/d3-sankey/-/d3-sankey-0.12.3.tgz. Extracting by manifest.
1155 silly tarball no local data for @csstools/css-calc@https://registry.npmjs.org/@csstools/css-calc/-/css-calc-3.2.1.tgz. Extracting by manifest.
1156 silly tarball no local data for @csstools/css-tokenizer@https://registry.npmjs.org/@csstools/css-tokenizer/-/css-tokenizer-4.0.0.tgz. Extracting by manifest.
1157 silly tarball no local data for @asamuzakjp/generational-cache@https://registry.npmjs.org/@asamuzakjp/generational-cache/-/generational-cache-1.0.1.tgz. Extracting by manifest.
1158 silly tarball no local data for webidl-conversions@https://registry.npmjs.org/webidl-conversions/-/webidl-conversions-8.0.1.tgz. Extracting by manifest.
1159 silly tarball no local data for whatwg-url@https://registry.npmjs.org/whatwg-url/-/whatwg-url-16.0.1.tgz. Extracting by manifest.
1160 silly tarball no local data for whatwg-mimetype@https://registry.npmjs.org/whatwg-mimetype/-/whatwg-mimetype-5.0.0.tgz. Extracting by manifest.
1161 silly tarball no local data for w3c-xmlserializer@https://registry.npmjs.org/w3c-xmlserializer/-/w3c-xmlserializer-5.0.0.tgz. Extracting by manifest.
1162 silly tarball no local data for undici@https://registry.npmjs.org/undici/-/undici-7.28.0.tgz. Extracting by manifest.
1163 silly tarball no local data for xml-name-validator@https://registry.npmjs.org/xml-name-validator/-/xml-name-validator-5.0.0.tgz. Extracting by manifest.
1164 silly tarball no local data for symbol-tree@https://registry.npmjs.org/symbol-tree/-/symbol-tree-3.2.4.tgz. Extracting by manifest.
1165 silly tarball no local data for @csstools/css-parser-algorithms@https://registry.npmjs.org/@csstools/css-parser-algorithms/-/css-parser-algorithms-4.0.0.tgz. Extracting by manifest.
1166 silly tarball no local data for saxes@https://registry.npmjs.org/saxes/-/saxes-6.0.0.tgz. Extracting by manifest.
1167 silly tarball no local data for parse5@https://registry.npmjs.org/parse5/-/parse5-8.0.1.tgz. Extracting by manifest.
1168 silly tarball no local data for is-potential-custom-element-name@https://registry.npmjs.org/is-potential-custom-element-name/-/is-potential-custom-element-name-1.0.1.tgz. Extracting by manifest.
1169 silly tarball no local data for html-encoding-sniffer@https://registry.npmjs.org/html-encoding-sniffer/-/html-encoding-sniffer-6.0.0.tgz. Extracting by manifest.
1170 silly tarball no local data for decimal.js@https://registry.npmjs.org/decimal.js/-/decimal.js-10.6.0.tgz. Extracting by manifest.
1171 silly tarball no local data for data-urls@https://registry.npmjs.org/data-urls/-/data-urls-7.0.0.tgz. Extracting by manifest.
1172 silly tarball no local data for @exodus/bytes@https://registry.npmjs.org/@exodus/bytes/-/bytes-1.15.1.tgz. Extracting by manifest.
1173 silly tarball no local data for css-tree@https://registry.npmjs.org/css-tree/-/css-tree-3.2.1.tgz. Extracting by manifest.
1174 silly tarball no local data for @csstools/css-syntax-patches-for-csstree@https://registry.npmjs.org/@csstools/css-syntax-patches-for-csstree/-/css-syntax-patches-for-csstree-1.1.6.tgz. Extracting by manifest.
1175 silly tarball no local data for tough-cookie@https://registry.npmjs.org/tough-cookie/-/tough-cookie-6.0.2.tgz. Extracting by manifest.
1176 silly tarball no local data for @asamuzakjp/dom-selector@https://registry.npmjs.org/@asamuzakjp/dom-selector/-/dom-selector-7.1.1.tgz. Extracting by manifest.
1177 silly tarball no local data for @bramus/specificity@https://registry.npmjs.org/@bramus/specificity/-/specificity-2.4.2.tgz. Extracting by manifest.
1178 silly tarball no local data for mermaid@https://registry.npmjs.org/mermaid/-/mermaid-11.16.0.tgz. Extracting by manifest.
1179 silly tarball no local data for jsdom@https://registry.npmjs.org/jsdom/-/jsdom-29.1.1.tgz. Extracting by manifest.
1180 silly tarball no local data for @asamuzakjp/css-color@https://registry.npmjs.org/@asamuzakjp/css-color/-/css-color-5.1.11.tgz. Extracting by manifest.
1181 silly tarball no local data for @resvg/resvg-js-darwin-arm64@https://registry.npmjs.org/@resvg/resvg-js-darwin-arm64/-/resvg-js-darwin-arm64-2.6.2.tgz. Extracting by manifest.
1182 silly tarball no local data for @resvg/resvg-js@https://registry.npmjs.org/@resvg/resvg-js/-/resvg-js-2.6.2.tgz. Extracting by manifest.
1183 silly tarball no local data for iconv-lite@https://registry.npmjs.org/iconv-lite/-/iconv-lite-0.6.3.tgz. Extracting by manifest.
1184 silly tarball no local data for internmap@https://registry.npmjs.org/internmap/-/internmap-1.0.1.tgz. Extracting by manifest.
1185 silly tarball no local data for d3-shape@https://registry.npmjs.org/d3-shape/-/d3-shape-1.3.7.tgz. Extracting by manifest.
1186 silly tarball no local data for d3-path@https://registry.npmjs.org/d3-path/-/d3-path-1.0.9.tgz. Extracting by manifest.
1187 silly tarball no local data for commander@https://registry.npmjs.org/commander/-/commander-8.3.0.tgz. Extracting by manifest.
1188 silly tarball no local data for cose-base@https://registry.npmjs.org/cose-base/-/cose-base-2.2.0.tgz. Extracting by manifest.
1189 silly tarball no local data for d3-array@https://registry.npmjs.org/d3-array/-/d3-array-2.12.1.tgz. Extracting by manifest.
1190 silly tarball no local data for layout-base@https://registry.npmjs.org/layout-base/-/layout-base-2.0.1.tgz. Extracting by manifest.
1191 silly tarball no local data for lru-cache@https://registry.npmjs.org/lru-cache/-/lru-cache-11.5.2.tgz. Extracting by manifest.
1192 http fetch GET 200 https://registry.npmjs.org/punycode/-/punycode-2.3.1.tgz 159ms (cache miss)
1193 http fetch GET 200 https://registry.npmjs.org/xmlchars/-/xmlchars-2.2.0.tgz 158ms (cache miss)
1194 http fetch GET 200 https://registry.npmjs.org/points-on-path/-/points-on-path-0.2.1.tgz 157ms (cache miss)
1195 http fetch GET 200 https://registry.npmjs.org/tr46/-/tr46-6.0.0.tgz 164ms (cache miss)
1196 http fetch GET 200 https://registry.npmjs.org/tldts-core/-/tldts-core-7.4.8.tgz 178ms (cache miss)
1197 http fetch POST 200 https://registry.npmjs.org/-/npm/v1/security/advisories/bulk 278ms
1198 silly audit report {}
1199 http fetch GET 200 https://registry.npmjs.org/rw/-/rw-1.3.3.tgz 284ms (cache miss)
1200 http fetch GET 200 https://registry.npmjs.org/internmap/-/internmap-2.0.3.tgz 284ms (cache miss)
1201 http fetch GET 200 https://registry.npmjs.org/delaunator/-/delaunator-5.1.0.tgz 286ms (cache miss)
1202 http fetch GET 200 https://registry.npmjs.org/d3-zoom/-/d3-zoom-3.0.0.tgz 289ms (cache miss)
1203 http fetch GET 200 https://registry.npmjs.org/d3-timer/-/d3-timer-3.0.1.tgz 320ms (cache miss)
1204 http fetch GET 200 https://registry.npmjs.org/d3-time/-/d3-time-3.1.0.tgz 383ms (cache miss)
1205 http fetch GET 200 https://registry.npmjs.org/d3-time-format/-/d3-time-format-4.1.0.tgz 408ms (cache miss)
1206 http fetch GET 200 https://registry.npmjs.org/d3-scale/-/d3-scale-4.0.2.tgz 410ms (cache miss)
1207 http fetch GET 200 https://registry.npmjs.org/d3-scale-chromatic/-/d3-scale-chromatic-3.1.0.tgz 414ms (cache miss)
1208 http fetch GET 200 https://registry.npmjs.org/d3-shape/-/d3-shape-3.2.0.tgz 417ms (cache miss)
1209 http fetch GET 200 https://registry.npmjs.org/d3-path/-/d3-path-3.1.0.tgz 426ms (cache miss)
1210 http fetch GET 200 https://registry.npmjs.org/d3-random/-/d3-random-3.0.1.tgz 584ms (cache miss)
1211 http fetch GET 200 https://registry.npmjs.org/d3-polygon/-/d3-polygon-3.0.1.tgz 584ms (cache miss)
1212 http fetch GET 200 https://registry.npmjs.org/@types/trusted-types/-/trusted-types-2.0.7.tgz 590ms (cache miss)
1213 http fetch GET 200 https://registry.npmjs.org/hachure-fill/-/hachure-fill-0.5.2.tgz 591ms (cache miss)
1214 http fetch GET 200 https://registry.npmjs.org/d3-quadtree/-/d3-quadtree-3.0.1.tgz 588ms (cache miss)
1215 http fetch GET 200 https://registry.npmjs.org/points-on-curve/-/points-on-curve-0.2.0.tgz 598ms (cache miss)
1216 http fetch GET 200 https://registry.npmjs.org/path-data-parser/-/path-data-parser-0.1.0.tgz 649ms (cache miss)
1217 http fetch GET 200 https://registry.npmjs.org/commander/-/commander-7.2.0.tgz 649ms (cache miss)
1218 http fetch GET 200 https://registry.npmjs.org/d3-dsv/-/d3-dsv-3.0.1.tgz 679ms (cache miss)
1219 http fetch GET 200 https://registry.npmjs.org/d3-dispatch/-/d3-dispatch-3.0.1.tgz 681ms (cache miss)
1220 http fetch GET 200 https://registry.npmjs.org/d3-brush/-/d3-brush-3.0.0.tgz 697ms (cache miss)
1221 http fetch GET 200 https://registry.npmjs.org/d3-interpolate/-/d3-interpolate-3.0.1.tgz 704ms (cache miss)
1222 http fetch GET 200 https://registry.npmjs.org/d3-axis/-/d3-axis-3.0.0.tgz 703ms (cache miss)
1223 http fetch GET 200 https://registry.npmjs.org/d3-color/-/d3-color-3.1.0.tgz 705ms (cache miss)
1224 http fetch GET 200 https://registry.npmjs.org/robust-predicates/-/robust-predicates-3.0.3.tgz 713ms (cache miss)
1225 http fetch GET 200 https://registry.npmjs.org/d3-chord/-/d3-chord-3.0.1.tgz 708ms (cache miss)
1226 http fetch GET 200 https://registry.npmjs.org/d3-force/-/d3-force-3.0.0.tgz 709ms (cache miss)
1227 http fetch GET 200 https://registry.npmjs.org/d3-drag/-/d3-drag-3.0.0.tgz 718ms (cache miss)
1228 http fetch GET 200 https://registry.npmjs.org/d3-ease/-/d3-ease-3.0.1.tgz 720ms (cache miss)
1229 http fetch GET 200 https://registry.npmjs.org/d3-contour/-/d3-contour-4.0.2.tgz 729ms (cache miss)
1230 http fetch GET 200 https://registry.npmjs.org/cose-base/-/cose-base-1.0.3.tgz 749ms (cache miss)
1231 http fetch GET 200 https://registry.npmjs.org/d3-hierarchy/-/d3-hierarchy-3.1.2.tgz 753ms (cache miss)
1232 http fetch GET 200 https://registry.npmjs.org/d3-fetch/-/d3-fetch-3.0.1.tgz 791ms (cache miss)
1233 http fetch GET 200 https://registry.npmjs.org/@types/d3-zoom/-/d3-zoom-3.0.8.tgz 819ms (cache miss)
1234 http fetch GET 200 https://registry.npmjs.org/@types/d3-time/-/d3-time-3.0.4.tgz 825ms (cache miss)
1235 http fetch GET 200 https://registry.npmjs.org/@types/d3-timer/-/d3-timer-3.0.2.tgz 829ms (cache miss)
1236 http fetch GET 200 https://registry.npmjs.org/@types/d3-transition/-/d3-transition-3.0.9.tgz 830ms (cache miss)
1237 http fetch GET 200 https://registry.npmjs.org/@types/d3-time-format/-/d3-time-format-4.0.3.tgz 830ms (cache miss)
1238 http fetch GET 200 https://registry.npmjs.org/@types/d3-scale-chromatic/-/d3-scale-chromatic-3.1.0.tgz 833ms (cache miss)
1239 http fetch GET 200 https://registry.npmjs.org/@types/d3-selection/-/d3-selection-3.0.11.tgz 833ms (cache miss)
1240 http fetch GET 200 https://registry.npmjs.org/d3-delaunay/-/d3-delaunay-6.0.4.tgz 838ms (cache miss)
1241 http fetch GET 200 https://registry.npmjs.org/d3-format/-/d3-format-3.1.2.tgz 843ms (cache miss)
1242 http fetch GET 200 https://registry.npmjs.org/@types/d3-random/-/d3-random-3.0.4.tgz 885ms (cache miss)
1243 http fetch GET 200 https://registry.npmjs.org/@types/d3-polygon/-/d3-polygon-3.0.2.tgz 888ms (cache miss)
1244 http fetch GET 200 https://registry.npmjs.org/@types/d3-quadtree/-/d3-quadtree-3.0.6.tgz 888ms (cache miss)
1245 http fetch GET 200 https://registry.npmjs.org/@types/d3-scale/-/d3-scale-4.0.9.tgz 890ms (cache miss)
1246 http fetch GET 200 https://registry.npmjs.org/entities/-/entities-8.0.0.tgz 903ms (cache miss)
1247 http fetch GET 200 https://registry.npmjs.org/@types/d3-path/-/d3-path-3.1.1.tgz 897ms (cache miss)
1248 http fetch GET 200 https://registry.npmjs.org/d3-geo/-/d3-geo-3.1.1.tgz 907ms (cache miss)
1249 http fetch GET 200 https://registry.npmjs.org/d3-transition/-/d3-transition-3.0.1.tgz 947ms (cache miss)
1250 http fetch GET 200 https://registry.npmjs.org/@types/d3-format/-/d3-format-3.0.4.tgz 1064ms (cache miss)
1251 http fetch GET 200 https://registry.npmjs.org/@types/d3-interpolate/-/d3-interpolate-3.0.4.tgz 1074ms (cache miss)
1252 http fetch GET 200 https://registry.npmjs.org/@types/d3-ease/-/d3-ease-3.0.2.tgz 1113ms (cache miss)
1253 http fetch GET 200 https://registry.npmjs.org/@types/d3-fetch/-/d3-fetch-3.0.7.tgz 1114ms (cache miss)
1254 http fetch GET 200 https://registry.npmjs.org/@types/d3-hierarchy/-/d3-hierarchy-3.1.7.tgz 1114ms (cache miss)
1255 http fetch GET 200 https://registry.npmjs.org/@types/d3-geo/-/d3-geo-3.1.0.tgz 1115ms (cache miss)
1256 http fetch GET 200 https://registry.npmjs.org/@types/d3-delaunay/-/d3-delaunay-6.0.4.tgz 1114ms (cache miss)
1257 http fetch GET 200 https://registry.npmjs.org/@types/d3-color/-/d3-color-3.1.3.tgz 1115ms (cache miss)
1258 http fetch GET 200 https://registry.npmjs.org/@types/d3-drag/-/d3-drag-3.0.7.tgz 1116ms (cache miss)
1259 http fetch GET 200 https://registry.npmjs.org/@types/d3-dsv/-/d3-dsv-3.0.7.tgz 1116ms (cache miss)
1260 http fetch GET 200 https://registry.npmjs.org/@types/d3-dispatch/-/d3-dispatch-3.0.7.tgz 1116ms (cache miss)
1261 http fetch GET 200 https://registry.npmjs.org/@types/d3-force/-/d3-force-3.0.10.tgz 1118ms (cache miss)
1262 http fetch GET 200 https://registry.npmjs.org/@types/d3-chord/-/d3-chord-3.0.6.tgz 1118ms (cache miss)
1263 http fetch GET 200 https://registry.npmjs.org/@types/d3-brush/-/d3-brush-3.0.6.tgz 1118ms (cache miss)
1264 http fetch GET 200 https://registry.npmjs.org/@types/d3-axis/-/d3-axis-3.0.6.tgz 1118ms (cache miss)
1265 http fetch GET 200 https://registry.npmjs.org/d3-array/-/d3-array-3.2.4.tgz 1124ms (cache miss)
1266 http fetch GET 200 https://registry.npmjs.org/@types/d3-contour/-/d3-contour-3.0.6.tgz 1120ms (cache miss)
1267 http fetch GET 200 https://registry.npmjs.org/@types/d3-array/-/d3-array-3.2.2.tgz 1120ms (cache miss)
1268 http fetch GET 200 https://registry.npmjs.org/@types/d3-shape/-/d3-shape-3.1.8.tgz 1120ms (cache miss)
1269 http fetch GET 200 https://registry.npmjs.org/tinyexec/-/tinyexec-1.2.4.tgz 1120ms (cache miss)
1270 http fetch GET 200 https://registry.npmjs.org/@chevrotain/types/-/types-11.1.2.tgz 1124ms (cache miss)
1271 http fetch GET 200 https://registry.npmjs.org/layout-base/-/layout-base-1.0.2.tgz 1133ms (cache miss)
1272 http fetch GET 200 https://registry.npmjs.org/d3-selection/-/d3-selection-3.0.0.tgz 1141ms (cache miss)
1273 http fetch GET 200 https://registry.npmjs.org/@types/geojson/-/geojson-7946.0.16.tgz 1153ms (cache miss)
1274 http fetch GET 200 https://registry.npmjs.org/package-manager-detector/-/package-manager-detector-1.7.0.tgz 1152ms (cache miss)
1275 http fetch GET 200 https://registry.npmjs.org/@iconify/types/-/types-2.0.0.tgz 1218ms (cache miss)
1276 http fetch GET 200 https://registry.npmjs.org/@antfu/install-pkg/-/install-pkg-1.1.0.tgz 1224ms (cache miss)
1277 http fetch GET 200 https://registry.npmjs.org/ts-dedent/-/ts-dedent-2.3.0.tgz 1231ms (cache miss)
1278 http fetch GET 200 https://registry.npmjs.org/stylis/-/stylis-4.4.0.tgz 1240ms (cache miss)
1279 http fetch GET 200 https://registry.npmjs.org/import-meta-resolve/-/import-meta-resolve-4.2.0.tgz 1243ms (cache miss)
1280 http fetch GET 200 https://registry.npmjs.org/uuid/-/uuid-14.0.1.tgz 1285ms (cache miss)
1281 http fetch GET 200 https://registry.npmjs.org/lodash-es/-/lodash-es-4.18.1.tgz 1303ms (cache miss)
1282 http fetch GET 200 https://registry.npmjs.org/roughjs/-/roughjs-4.6.6.tgz 1309ms (cache miss)
1283 http fetch GET 200 https://registry.npmjs.org/@types/d3/-/d3-7.4.3.tgz 1316ms (cache miss)
1284 http fetch GET 200 https://registry.npmjs.org/dagre-d3-es/-/dagre-d3-es-7.0.14.tgz 1436ms (cache miss)
1285 http fetch GET 200 https://registry.npmjs.org/khroma/-/khroma-2.1.0.tgz 1493ms (cache miss)
1286 http fetch GET 200 https://registry.npmjs.org/@csstools/color-helpers/-/color-helpers-6.1.0.tgz 2300ms (cache miss)
1287 http fetch GET 200 https://registry.npmjs.org/marked/-/marked-16.4.2.tgz 2306ms (cache miss)
1288 http fetch GET 200 https://registry.npmjs.org/cytoscape-cose-bilkent/-/cytoscape-cose-bilkent-4.1.0.tgz 2316ms (cache miss)
1289 http fetch GET 200 https://registry.npmjs.org/d3/-/d3-7.9.0.tgz 2338ms (cache miss)
1290 http fetch GET 200 https://registry.npmjs.org/mdn-data/-/mdn-data-2.27.1.tgz 2340ms (cache miss)
1291 http fetch GET 200 https://registry.npmjs.org/@upsetjs/venn.js/-/venn.js-2.0.0.tgz 2349ms (cache miss)
1292 http fetch GET 200 https://registry.npmjs.org/@braintree/sanitize-url/-/sanitize-url-7.1.2.tgz 2350ms (cache miss)
1293 http fetch GET 200 https://registry.npmjs.org/@csstools/css-color-parser/-/css-color-parser-4.1.9.tgz 2393ms (cache miss)
1294 http fetch GET 200 https://registry.npmjs.org/@asamuzakjp/nwsapi/-/nwsapi-2.3.9.tgz 2394ms (cache miss)
1295 http fetch GET 200 https://registry.npmjs.org/dompurify/-/dompurify-3.4.12.tgz 2408ms (cache miss)
1296 http fetch GET 200 https://registry.npmjs.org/d3-sankey/-/d3-sankey-0.12.3.tgz 2409ms (cache miss)
1297 http fetch GET 200 https://registry.npmjs.org/@asamuzakjp/generational-cache/-/generational-cache-1.0.1.tgz 2408ms (cache miss)
1298 http fetch GET 200 https://registry.npmjs.org/webidl-conversions/-/webidl-conversions-8.0.1.tgz 2409ms (cache miss)
1299 http fetch GET 200 https://registry.npmjs.org/bidi-js/-/bidi-js-1.0.3.tgz 2506ms (cache miss)
1300 http fetch GET 200 https://registry.npmjs.org/whatwg-mimetype/-/whatwg-mimetype-5.0.0.tgz 2561ms (cache miss)
1301 http fetch GET 200 https://registry.npmjs.org/w3c-xmlserializer/-/w3c-xmlserializer-5.0.0.tgz 2561ms (cache miss)
1302 http fetch GET 200 https://registry.npmjs.org/xml-name-validator/-/xml-name-validator-5.0.0.tgz 2567ms (cache miss)
1303 http fetch GET 200 https://registry.npmjs.org/symbol-tree/-/symbol-tree-3.2.4.tgz 2567ms (cache miss)
1304 http fetch GET 200 https://registry.npmjs.org/@iconify/utils/-/utils-3.1.4.tgz 2592ms (cache miss)
1305 http fetch GET 200 https://registry.npmjs.org/@csstools/css-tokenizer/-/css-tokenizer-4.0.0.tgz 2634ms (cache miss)
1306 http fetch GET 200 https://registry.npmjs.org/@csstools/css-parser-algorithms/-/css-parser-algorithms-4.0.0.tgz 2636ms (cache miss)
1307 http fetch GET 200 https://registry.npmjs.org/is-potential-custom-element-name/-/is-potential-custom-element-name-1.0.1.tgz 2658ms (cache miss)
1308 http fetch GET 200 https://registry.npmjs.org/html-encoding-sniffer/-/html-encoding-sniffer-6.0.0.tgz 2711ms (cache miss)
1309 http fetch GET 200 https://registry.npmjs.org/require-from-string/-/require-from-string-2.0.2.tgz 2715ms (cache miss)
1310 http fetch GET 200 https://registry.npmjs.org/data-urls/-/data-urls-7.0.0.tgz 2748ms (cache miss)
1311 http fetch GET 200 https://registry.npmjs.org/saxes/-/saxes-6.0.0.tgz 2779ms (cache miss)
1312 http fetch GET 200 https://registry.npmjs.org/dayjs/-/dayjs-1.11.21.tgz 2820ms (cache miss)
1313 http fetch GET 200 https://registry.npmjs.org/cytoscape/-/cytoscape-3.34.0.tgz 2860ms (cache miss)
1314 http fetch GET 200 https://registry.npmjs.org/katex/-/katex-0.16.47.tgz 2865ms (cache miss)
1315 http fetch GET 200 https://registry.npmjs.org/@csstools/css-calc/-/css-calc-3.2.1.tgz 2872ms (cache miss)
1316 http fetch GET 200 https://registry.npmjs.org/@asamuzakjp/dom-selector/-/dom-selector-7.1.1.tgz 3040ms (cache miss)
1317 http fetch GET 200 https://registry.npmjs.org/undici/-/undici-7.28.0.tgz 3136ms (cache miss)
1318 http fetch GET 200 https://registry.npmjs.org/@bramus/specificity/-/specificity-2.4.2.tgz 3173ms (cache miss)
1319 http fetch GET 200 https://registry.npmjs.org/css-tree/-/css-tree-3.2.1.tgz 3252ms (cache miss)
1320 http fetch GET 200 https://registry.npmjs.org/@resvg/resvg-js/-/resvg-js-2.6.2.tgz 3262ms (cache miss)
1321 http fetch GET 200 https://registry.npmjs.org/tldts/-/tldts-7.4.8.tgz 3344ms (cache miss)
1322 http fetch GET 200 https://registry.npmjs.org/internmap/-/internmap-1.0.1.tgz 3389ms (cache miss)
1323 http fetch GET 200 https://registry.npmjs.org/@csstools/css-syntax-patches-for-csstree/-/css-syntax-patches-for-csstree-1.1.6.tgz 3491ms (cache miss)
1324 http fetch GET 200 https://registry.npmjs.org/iconv-lite/-/iconv-lite-0.6.3.tgz 3492ms (cache miss)
1325 http fetch GET 200 https://registry.npmjs.org/d3-path/-/d3-path-1.0.9.tgz 3517ms (cache miss)
1326 http fetch GET 200 https://registry.npmjs.org/decimal.js/-/decimal.js-10.6.0.tgz 3545ms (cache miss)
1327 http fetch GET 200 https://registry.npmjs.org/parse5/-/parse5-8.0.1.tgz 3545ms (cache miss)
1328 http fetch GET 200 https://registry.npmjs.org/@exodus/bytes/-/bytes-1.15.1.tgz 3596ms (cache miss)
1329 http fetch GET 200 https://registry.npmjs.org/@asamuzakjp/css-color/-/css-color-5.1.11.tgz 3775ms (cache miss)
1330 http fetch GET 200 https://registry.npmjs.org/tough-cookie/-/tough-cookie-6.0.2.tgz 3883ms (cache miss)
1331 http fetch GET 200 https://registry.npmjs.org/cose-base/-/cose-base-2.2.0.tgz 4034ms (cache miss)
1332 http fetch GET 200 https://registry.npmjs.org/d3-array/-/d3-array-2.12.1.tgz 4043ms (cache miss)
1333 http fetch GET 200 https://registry.npmjs.org/layout-base/-/layout-base-2.0.1.tgz 4066ms (cache miss)
1334 http fetch GET 200 https://registry.npmjs.org/commander/-/commander-8.3.0.tgz 4103ms (cache miss)
1335 http fetch GET 200 https://registry.npmjs.org/d3-shape/-/d3-shape-1.3.7.tgz 4113ms (cache miss)
1336 http fetch GET 200 https://registry.npmjs.org/cytoscape-fcose/-/cytoscape-fcose-2.2.0.tgz 4130ms (cache miss)
1337 http fetch GET 200 https://registry.npmjs.org/@mermaid-js/parser/-/parser-1.2.0.tgz 4145ms (cache miss)
1338 http fetch GET 200 https://registry.npmjs.org/whatwg-url/-/whatwg-url-16.0.1.tgz 4283ms (cache miss)
1339 http fetch GET 200 https://registry.npmjs.org/lru-cache/-/lru-cache-11.5.2.tgz 4290ms (cache miss)
1340 http fetch GET 200 https://registry.npmjs.org/jsdom/-/jsdom-29.1.1.tgz 4389ms (cache miss)
1341 http fetch GET 200 https://registry.npmjs.org/es-toolkit/-/es-toolkit-1.49.0.tgz 4542ms (cache miss)
1342 http fetch GET 200 https://registry.npmjs.org/@resvg/resvg-js-darwin-arm64/-/resvg-js-darwin-arm64-2.6.2.tgz 6294ms (cache miss)
1343 http fetch GET 200 https://registry.npmjs.org/mermaid/-/mermaid-11.16.0.tgz 8803ms (cache miss)
1344 silly ADD node_modules/punycode
1345 silly ADD node_modules/tr46
1346 silly ADD node_modules/tldts-core
1347 silly ADD node_modules/tldts
1348 silly ADD node_modules/xmlchars
1349 silly ADD node_modules/points-on-path
1350 silly ADD node_modules/points-on-curve
1351 silly ADD node_modules/path-data-parser
1352 silly ADD node_modules/hachure-fill
1353 silly ADD node_modules/entities
1354 silly ADD node_modules/@types/trusted-types
1355 silly ADD node_modules/robust-predicates
1356 silly ADD node_modules/lodash-es
1357 silly ADD node_modules/rw
1358 silly ADD node_modules/commander
1359 silly ADD node_modules/delaunator
1360 silly ADD node_modules/internmap
1361 silly ADD node_modules/d3-zoom
1362 silly ADD node_modules/d3-timer
1363 silly ADD node_modules/d3-time-format
1364 silly ADD node_modules/d3-time
1365 silly ADD node_modules/d3-shape
1366 silly ADD node_modules/d3-scale-chromatic
1367 silly ADD node_modules/d3-scale
1368 silly ADD node_modules/d3-random
1369 silly ADD node_modules/d3-quadtree
1370 silly ADD node_modules/d3-polygon
1371 silly ADD node_modules/d3-path
1372 silly ADD node_modules/d3-interpolate
1373 silly ADD node_modules/d3-hierarchy
1374 silly ADD node_modules/d3-geo
1375 silly ADD node_modules/d3-format
1376 silly ADD node_modules/d3-force
1377 silly ADD node_modules/d3-fetch
1378 silly ADD node_modules/d3-ease
1379 silly ADD node_modules/d3-dsv
1380 silly ADD node_modules/d3-dsv/node_modules/iconv-lite
1381 silly ADD node_modules/d3-drag
1382 silly ADD node_modules/d3-dispatch
1383 silly ADD node_modules/d3-delaunay
1384 silly ADD node_modules/d3-contour
1385 silly ADD node_modules/d3-color
1386 silly ADD node_modules/d3-chord
1387 silly ADD node_modules/d3-brush
1388 silly ADD node_modules/d3-axis
1389 silly ADD node_modules/d3-array
1390 silly ADD node_modules/layout-base
1391 silly ADD node_modules/cose-base
1392 silly ADD node_modules/d3-transition
1393 silly ADD node_modules/d3-selection
1394 silly ADD node_modules/@types/geojson
1395 silly ADD node_modules/@types/d3-zoom
1396 silly ADD node_modules/@types/d3-transition
1397 silly ADD node_modules/@types/d3-timer
1398 silly ADD node_modules/@types/d3-time-format
1399 silly ADD node_modules/@types/d3-time
1400 silly ADD node_modules/@types/d3-shape
1401 silly ADD node_modules/@types/d3-selection
1402 silly ADD node_modules/@types/d3-scale-chromatic
1403 silly ADD node_modules/@types/d3-scale
1404 silly ADD node_modules/@types/d3-random
1405 silly ADD node_modules/@types/d3-quadtree
1406 silly ADD node_modules/@types/d3-polygon
1407 silly ADD node_modules/@types/d3-path
1408 silly ADD node_modules/@types/d3-interpolate
1409 silly ADD node_modules/@types/d3-hierarchy
1410 silly ADD node_modules/@types/d3-geo
1411 silly ADD node_modules/@types/d3-format
1412 silly ADD node_modules/@types/d3-force
1413 silly ADD node_modules/@types/d3-fetch
1414 silly ADD node_modules/@types/d3-ease
1415 silly ADD node_modules/@types/d3-dsv
1416 silly ADD node_modules/@types/d3-drag
1417 silly ADD node_modules/@types/d3-dispatch
1418 silly ADD node_modules/@types/d3-delaunay
1419 silly ADD node_modules/@types/d3-contour
1420 silly ADD node_modules/@types/d3-color
1421 silly ADD node_modules/@types/d3-chord
1422 silly ADD node_modules/@types/d3-brush
1423 silly ADD node_modules/@types/d3-axis
1424 silly ADD node_modules/@types/d3-array
1425 silly ADD node_modules/@chevrotain/types
1426 silly ADD node_modules/tinyexec
1427 silly ADD node_modules/package-manager-detector
1428 silly ADD node_modules/import-meta-resolve
1429 silly ADD node_modules/@iconify/types
1430 silly ADD node_modules/@antfu/install-pkg
1431 silly ADD node_modules/uuid
1432 silly ADD node_modules/ts-dedent
1433 silly ADD node_modules/stylis
1434 silly ADD node_modules/roughjs
1435 silly ADD node_modules/marked
1436 silly ADD node_modules/khroma
1437 silly ADD node_modules/katex
1438 silly ADD node_modules/katex/node_modules/commander
1439 silly ADD node_modules/es-toolkit
1440 silly ADD node_modules/dompurify
1441 silly ADD node_modules/dayjs
1442 silly ADD node_modules/dagre-d3-es
1443 silly ADD node_modules/d3-sankey
1444 silly ADD node_modules/d3-sankey/node_modules/d3-path
1445 silly ADD node_modules/d3-sankey/node_modules/internmap
1446 silly ADD node_modules/d3-sankey/node_modules/d3-shape
1447 silly ADD node_modules/d3-sankey/node_modules/d3-array
1448 silly ADD node_modules/d3
1449 silly ADD node_modules/cytoscape-fcose
1450 silly ADD node_modules/cytoscape-fcose/node_modules/layout-base
1451 silly ADD node_modules/cytoscape-fcose/node_modules/cose-base
1452 silly ADD node_modules/cytoscape-cose-bilkent
1453 silly ADD node_modules/cytoscape
1454 silly ADD node_modules/@upsetjs/venn.js
1455 silly ADD node_modules/@types/d3
1456 silly ADD node_modules/@mermaid-js/parser
1457 silly ADD node_modules/@iconify/utils
1458 silly ADD node_modules/@braintree/sanitize-url
1459 silly ADD node_modules/mdn-data
1460 silly ADD node_modules/require-from-string
1461 silly ADD node_modules/@csstools/color-helpers
1462 silly ADD node_modules/bidi-js
1463 silly ADD node_modules/@asamuzakjp/nwsapi
1464 silly ADD node_modules/@csstools/css-color-parser
1465 silly ADD node_modules/@csstools/css-tokenizer
1466 silly ADD node_modules/@csstools/css-parser-algorithms
1467 silly ADD node_modules/@csstools/css-calc
1468 silly ADD node_modules/@asamuzakjp/generational-cache
1469 silly ADD node_modules/xml-name-validator
1470 silly ADD node_modules/whatwg-url
1471 silly ADD node_modules/whatwg-mimetype
1472 silly ADD node_modules/webidl-conversions
1473 silly ADD node_modules/w3c-xmlserializer
1474 silly ADD node_modules/undici
1475 silly ADD node_modules/tough-cookie
1476 silly ADD node_modules/symbol-tree
1477 silly ADD node_modules/saxes
1478 silly ADD node_modules/parse5
1479 silly ADD node_modules/is-potential-custom-element-name
1480 silly ADD node_modules/html-encoding-sniffer
1481 silly ADD node_modules/decimal.js
1482 silly ADD node_modules/data-urls
1483 silly ADD node_modules/css-tree
1484 silly ADD node_modules/@exodus/bytes
1485 silly ADD node_modules/@csstools/css-syntax-patches-for-csstree
1486 silly ADD node_modules/@bramus/specificity
1487 silly ADD node_modules/@asamuzakjp/dom-selector
1488 silly ADD node_modules/@asamuzakjp/css-color
1489 silly ADD node_modules/@resvg/resvg-js-darwin-arm64
1490 silly ADD node_modules/mermaid
1491 silly ADD node_modules/jsdom
1492 silly ADD node_modules/jsdom/node_modules/lru-cache
1493 silly ADD node_modules/@resvg/resvg-js
1494 verbose cwd /Users/dondimon/git/RFPulse
1495 verbose os Darwin 25.5.0
1496 verbose node v24.14.1
1497 verbose npm  v11.11.0
1498 verbose exit 0
1499 info ok
